Reaction,COG,Avg RPKM (acI-B),Log2 Avg RPKM (acI-B),Percentile (acI-B),Annotation (acI-B),Avg RPKM (acI-A),Log2 Avg RPKM (acI-A),Percentile (acI-A),Annotation (acI-A),Avg RPKM (acI-C),Log2 Avg RPKM (acI-C),Percentile (acI-C),Annotation (acI-C)
rxn05145_c0,group00081,3676.5678252,11.8441438846,70.166453265,Phosphate transport ATP-binding protein PstB (TC 3.A.1.7.1),3298.76152704,11.6877087715,66.253869969,Phosphate transport ATP-binding protein PstB (TC 3.A.1.7.1),3233.57842226,11.6589158844,84.1420118343,Phosphate transport ATP-binding protein PstB (TC 3.A.1.7.1)
rxn05145_c0,group00094,0.0,0.0,0.0,Phosphate transport system permease protein PstC (TC 3.A.1.7.1),0.0,0.0,0.0,Phosphate transport system permease protein PstC (TC 3.A.1.7.1),1817.7402353,10.8279303302,77.9881656805,Phosphate transport system permease protein PstC (TC 3.A.1.7.1)
rxn05145_c0,group00191,80290.2309285,16.2929368424,96.542893726,"Phosphate ABC transporter, periplasmic phosphate-binding protein PstS (TC 3.A.1.7.1)",36954.8165639,15.1734747921,86.5325077399,"Phosphate ABC transporter, periplasmic phosphate-binding protein PstS (TC 3.A.1.7.1)",19002.3911447,14.2138933495,96.0946745562,"Phosphate ABC transporter, periplasmic phosphate-binding protein PstS (TC 3.A.1.7.1)"
rxn05145_c0,group00254,2174.72936641,11.086620161,62.099871959,Phosphate transport system permease protein PstA (TC 3.A.1.7.1),0.0,0.0,0.0,Phosphate transport system permease protein PstA (TC 3.A.1.7.1),2670.46761935,11.3828766757,82.2485207101,Phosphate transport system permease protein PstA (TC 3.A.1.7.1)
rxn05145_c0,group01519,,,,,,,,,743.388100108,9.53797178401,59.7633136095,Phosphate transport system permease protein PstA (TC 3.A.1.7.1)
rxn05145_c0,group01566,,,,,,,,,10458.3961616,13.3523740048,92.1893491124,"Phosphate ABC transporter, periplasmic phosphate-binding protein PstS (TC 3.A.1.7.1)"
rxn05145_c0,group02653,,,,,0.0,0.0,0.0,Phosphate transport system permease protein PstA (TC 3.A.1.7.1),,,,
rxn05145_c0,group03718,,,,,0.0,0.0,0.0,"Phosphate ABC transporter, periplasmic phosphate-binding protein PstS (TC 3.A.1.7.1)",,,,
rxn05145_c0,group04695,0.0,0.0,0.0,Phosphate transport ATP-binding protein PstB (TC 3.A.1.7.1),,,,,,,,
rxn05147_c0,group00687,,,,,144.302467982,7.172952164,19.1950464396,None Provided,,,,
rxn05147_c0,group00795,502.918487202,8.9741807774,35.595390525,hypothetical protein,,,,,,,,
rxn05147_c0,group01846,0.0,0.0,0.0,hypothetical protein,,,,,,,,
rxn05150_c0,group00899,,,,,0.0,0.0,0.0,None Provided,,,,
rxn05150_c0,group01078,,,,,0.0,0.0,0.0,"Zinc ABC transporter, inner membrane permease protein ZnuB",,,,
rxn05150_c0,group01229,,,,,0.0,0.0,0.0,"Zinc ABC transporter, periplasmic-binding protein ZnuA",,,,
rxn05153_c0,group00012,5373.05747196,12.3915275543,74.6478873239,Putrescine transport ATP-binding protein PotG (TC 3.A.1.11.2),12564.0874713,13.6170182717,79.2569659443,Putrescine transport ATP-binding protein PotG (TC 3.A.1.11.2),788.198500462,9.62241519454,60.7100591716,Sulfate and thiosulfate import ATP-binding protein CysA (EC 3.6.3.25)
rxn05153_c0,group01937,0.0,0.0,0.0,"Sulfate transporter, CysZ-type",0.0,0.0,0.0,"Sulfate transporter, CysZ-type",,,,
rxn05158_c0,group00654,8800.39815206,13.103353081,81.562099872,"Glycerol-3-phosphate ABC transporter, ATP-binding protein UgpC (TC 3.A.1.1.3)",48957.5588682,15.5792440034,88.2352941176,"Glycerol-3-phosphate ABC transporter, ATP-binding protein UgpC (TC 3.A.1.1.3)",4288.2190965,12.0661629035,86.2721893491,"Glycerol-3-phosphate ABC transporter, ATP-binding protein UgpC (TC 3.A.1.1.3)"
rxn05158_c0,group00795,502.918487202,8.9741807774,35.595390525,hypothetical protein,,,,,,,,
rxn05158_c0,group02147,,,,,,,,,0.0,0.0,0.0,"Glycerol-3-phosphate ABC transporter, ATP-binding protein UgpC (TC 3.A.1.1.3)"
rxn05158_c0,group02622,,,,,0.0,0.0,0.0,"Glycerol-3-phosphate ABC transporter, ATP-binding protein UgpC (TC 3.A.1.1.3)",304.906901715,8.25222499659,36.0946745562,"Glycerol-3-phosphate ABC transporter, ATP-binding protein UgpC (TC 3.A.1.1.3)"
rxn05160_c0,group00010,3404.51932431,11.7332354067,68.2458386684,"Ribose ABC transport system, ATP-binding protein RbsA (TC 3.A.1.2.1)",2384.55876522,11.2195066217,60.2167182663,sugar ABC transporter ATP-binding protein,,,,
rxn05160_c0,group00434,18881.9435674,14.2047196522,88.8604353393,D-xylose transport ATP-binding protein XylG,6779.12182041,12.7268826808,75.0773993808,D-xylose transport ATP-binding protein XylG,,,,
rxn05160_c0,group00541,5107.97931342,12.318536967,74.2637644046,"Nucleoside ABC transporter, permease protein 1",,,,,,,,
rxn05160_c0,group00787,13961.95524,13.7692133711,86.9398207426,"Ribose ABC transport system, permease protein RbsC (TC 3.A.1.2.1)",4306.39307674,12.0722642958,70.2786377709,"Ribose ABC transport system, permease protein RbsC (TC 3.A.1.2.1)",,,,
rxn05160_c0,group01208,1236.52214173,10.2720723582,50.9603072983,"Xylose ABC transporter, permease protein XylH",,,,,,,,
rxn05160_c0,group01485,0.0,0.0,0.0,None Provided,,,,,,,,
rxn05160_c0,group01496,4579.28157341,12.1609055616,72.8553137004,"Ribose ABC transport system, permease protein RbsC (TC 3.A.1.2.1)",0.0,0.0,0.0,"Ribose ABC transport system, permease protein RbsC (TC 3.A.1.2.1)",,,,
rxn05160_c0,group01803,0.0,0.0,0.0,Inositol transport system permease protein,,,,,,,,
rxn05160_c0,group02095,4220.89964629,12.0433348137,71.7029449424,"Ribose ABC transport system, permease protein RbsC (TC 3.A.1.2.1)",,,,,,,,
rxn05160_c0,group02405,,,,,0.0,0.0,0.0,"Ribose ABC transport system, permease protein RbsC (TC 3.A.1.2.1)",,,,
rxn05161_c0,group00004,3443.14623103,11.7495117384,68.6299615877,Branched-chain amino acid transport ATP-binding protein LivG (TC 3.A.1.4.1),4838.21761715,12.2402599461,71.9814241486,Branched-chain amino acid transport ATP-binding protein LivG (TC 3.A.1.4.1),1326.69377218,10.3736196905,73.4911242604,Branched-chain amino acid transport ATP-binding protein LivG (TC 3.A.1.4.1)
rxn05161_c0,group00016,2207.31355625,11.1080758685,62.8681177977,Branched-chain amino acid transport ATP-binding protein LivF (TC 3.A.1.4.1),194.15858555,7.60109169334,25.0773993808,Branched-chain amino acid transport ATP-binding protein LivF (TC 3.A.1.4.1),1469.61676407,10.5212242733,76.3313609467,Branched-chain amino acid transport ATP-binding protein LivF (TC 3.A.1.4.1)
rxn05161_c0,group00516,9753.61281702,13.2517209884,83.2266325224,Branched-chain amino acid transport system permease protein LivM (TC 3.A.1.4.1),1350.01768166,10.3987625876,50.6191950464,Branched-chain amino acid transport system permease protein LivM (TC 3.A.1.4.1),0.0,0.0,0.0,Branched-chain amino acid transport system permease protein LivM (TC 3.A.1.4.1)
rxn05161_c0,group00634,19262.8585398,14.2335341894,89.2445582586,High-affinity branched-chain amino acid transport system permease protein LivH (TC 3.A.1.4.1),3572.60835661,11.8027620533,67.6470588235,High-affinity branched-chain amino acid transport system permease protein LivH (TC 3.A.1.4.1),0.0,0.0,0.0,High-affinity branched-chain amino acid transport system permease protein LivH (TC 3.A.1.4.1)
rxn05161_c0,group00984,904.229963908,9.82054591551,46.3508322663,High-affinity branched-chain amino acid transport system permease protein LivH (TC 3.A.1.4.1),0.0,0.0,0.0,High-affinity branched-chain amino acid transport system permease protein LivH (TC 3.A.1.4.1),0.0,0.0,0.0,High-affinity branched-chain amino acid transport system permease protein LivH (TC 3.A.1.4.1)
rxn05161_c0,group01009,36019.8879669,15.1365060736,93.5979513444,"Branched-chain amino acid ABC transporter, amino acid-binding protein (TC 3.A.1.4.1)",338269.002495,18.3678114553,98.2972136223,"Branched-chain amino acid ABC transporter, amino acid-binding protein (TC 3.A.1.4.1)",,,,
rxn05161_c0,group01012,2472.17556953,11.2715654892,64.2765685019,hypothetical protein,2224.74162133,11.1194220777,58.8235294118,Branched-chain amino acid transport system permease protein LivM (TC 3.A.1.4.1),,,,
rxn05161_c0,group01149,98118.0073627,16.5822303147,96.9270166453,None Provided,156470.652227,17.2555325638,96.439628483,hypothetical protein,2887.26680136,11.4954887124,83.0769230769,"Branched-chain amino acid ABC transporter, amino acid-binding protein (TC 3.A.1.4.1)"
rxn05161_c0,group01461,58872.4049555,15.8453039429,95.7746478873,"Branched-chain amino acid ABC transporter, amino acid-binding protein (TC 3.A.1.4.1)",55766.2095891,15.7671035944,89.3188854489,"Branched-chain amino acid ABC transporter, amino acid-binding protein (TC 3.A.1.4.1)",,,,
rxn05161_c0,group01646,0.0,0.0,0.0,High-affinity branched-chain amino acid transport system permease protein LivH (TC 3.A.1.4.1),0.0,0.0,0.0,None Provided,,,,
rxn05161_c0,group01790,0.0,0.0,0.0,Branched-chain amino acid transport system permease protein LivM (TC 3.A.1.4.1),,,,,,,,
rxn05161_c0,group01976,,,,,265.196915933,8.05092018772,30.0309597523,High-affinity branched-chain amino acid transport system permease protein LivH (TC 3.A.1.4.1),,,,
rxn05161_c0,group01982,0.0,0.0,0.0,Branched-chain amino acid transport ATP-binding protein LivF (TC 3.A.1.4.1),,,,,,,,
rxn05161_c0,group02003,561278.541845,19.0983573793,98.9756722151,"Branched-chain amino acid ABC transporter, amino acid-binding protein (TC 3.A.1.4.1)",,,,,,,,
rxn05161_c0,group02092,,,,,297.766624299,8.21803824572,31.73374613,None Provided,,,,
rxn05161_c0,group02152,,,,,249.923158554,7.96534078141,29.4117647059,Branched-chain amino acid transport ATP-binding protein LivG (TC 3.A.1.4.1),,,,
rxn05161_c0,group02153,,,,,138.256947156,7.11120816481,17.8018575851,Branched-chain amino acid transport ATP-binding protein LivF (TC 3.A.1.4.1),,,,
rxn05161_c0,group02224,,,,,2917.42637495,11.5104805328,64.3962848297,"Branched-chain amino acid ABC transporter, amino acid-binding protein (TC 3.A.1.4.1)",,,,
rxn05161_c0,group02505,0.0,0.0,0.0,Branched-chain amino acid transport system permease protein LivM (TC 3.A.1.4.1),,,,,,,,
rxn05161_c0,group03070,0.0,0.0,0.0,High-affinity branched-chain amino acid transport system permease protein LivH (TC 3.A.1.4.1),,,,,,,,
rxn05161_c0,group03092,,,,,51761.5419933,15.6595929759,88.6996904025,"Branched-chain amino acid ABC transporter, amino acid-binding protein (TC 3.A.1.4.1)",,,,
rxn05161_c0,group03415,,,,,0.0,0.0,0.0,Branched-chain amino acid transport ATP-binding protein LivF (TC 3.A.1.4.1),,,,
rxn05163_c0,group00012,5373.05747196,12.3915275543,74.6478873239,Putrescine transport ATP-binding protein PotG (TC 3.A.1.11.2),12564.0874713,13.6170182717,79.2569659443,Putrescine transport ATP-binding protein PotG (TC 3.A.1.11.2),788.198500462,9.62241519454,60.7100591716,Sulfate and thiosulfate import ATP-binding protein CysA (EC 3.6.3.25)
rxn05163_c0,group00453,237.854671413,7.89393654956,19.3341869398,Putrescine transport system permease protein PotH (TC 3.A.1.11.2),2183.39977822,11.0923605951,58.3591331269,Putrescine transport system permease protein PotH (TC 3.A.1.11.2),204.34458844,7.67486022744,22.0118343195,Putrescine transport system permease protein PotH (TC 3.A.1.11.2)
rxn05163_c0,group00471,0.0,0.0,0.0,Putrescine transport system permease protein PotI (TC 3.A.1.11.2),0.0,0.0,0.0,Putrescine transport system permease protein PotI (TC 3.A.1.11.2),214.869553513,7.74731726069,24.7337278107,Putrescine transport system permease protein PotI (TC 3.A.1.11.2)
rxn05163_c0,group00970,,,,,,,,,305.025801727,8.25278747327,36.2130177515,Putrescine transport ATP-binding protein PotA (TC 3.A.1.11.1)
rxn05163_c0,group01671,89290.9585548,16.4462264775,96.6709346991,"ABC transporter, periplasmic spermidine putrescine-binding protein PotD (TC 3.A.1.11.1)",0.0,0.0,0.0,"ABC transporter, periplasmic spermidine putrescine-binding protein PotD (TC 3.A.1.11.1)",,,,
rxn05163_c0,group01743,0.0,0.0,0.0,Spermidine Putrescine ABC transporter permease component potC (TC_3.A.1.11.1),0.0,0.0,0.0,Spermidine Putrescine ABC transporter permease component potC (TC_3.A.1.11.1),,,,
rxn05163_c0,group01744,0.0,0.0,0.0,Spermidine Putrescine ABC transporter permease component PotB (TC 3.A.1.11.1),0.0,0.0,0.0,Spermidine Putrescine ABC transporter permease component PotB (TC 3.A.1.11.1),,,,
rxn05163_c0,group02348,0.0,0.0,0.0,Putrescine transport ATP-binding protein PotA (TC 3.A.1.11.1),0.0,0.0,0.0,Putrescine transport ATP-binding protein PotA (TC 3.A.1.11.1),,,,
rxn05163_c0,group03521,,,,,0.0,0.0,0.0,Putrescine transport system permease protein PotH (TC 3.A.1.11.2),,,,
rxn05163_c0,group04851,0.0,0.0,0.0,Putrescine transport ATP-binding protein PotG (TC 3.A.1.11.2),,,,,,,,
rxn05163_c0,group04947,0.0,0.0,0.0,Putrescine transport ATP-binding protein PotA (TC 3.A.1.11.1),,,,,,,,
rxn05165_c0,group01153,0.0,0.0,0.0,L-proline glycine betaine ABC transport system permease protein ProV (TC 3.A.1.12.1),,,,,,,,
rxn05165_c0,group01352,,,,,0.0,0.0,0.0,"Glycine betaine ABC transport system, ATP-binding protein OpuAA (EC 3.6.3.32)",,,,
rxn05167_c0,group00434,18881.9435674,14.2047196522,88.8604353393,D-xylose transport ATP-binding protein XylG,6779.12182041,12.7268826808,75.0773993808,D-xylose transport ATP-binding protein XylG,1838.73413948,10.8444971818,78.4615384615,D-xylose transport ATP-binding protein XylG
rxn05167_c0,group01189,601985.328577,19.1993688009,99.1037131882,hypothetical protein,457889.226023,18.8046390937,98.7616099071,"Xylose ABC transporter, periplasmic xylose-binding protein XylF",208785.404692,17.6716613371,99.7633136095,"Xylose ABC transporter, periplasmic xylose-binding protein XylF"
rxn05167_c0,group01208,1236.52214173,10.2720723582,50.9603072983,"Xylose ABC transporter, permease protein XylH",1191.95139723,10.2191096946,49.3808049536,"Xylose ABC transporter, permease protein XylH",1056.81252529,10.0455037552,68.875739645,"Xylose ABC transporter, permease protein XylH"
rxn05167_c0,group04945,0.0,0.0,0.0,"Xylose ABC transporter, periplasmic xylose-binding protein XylF",,,,,,,,
rxn05168_c0,group00004,3443.14623103,11.7495117384,68.6299615877,Branched-chain amino acid transport ATP-binding protein LivG (TC 3.A.1.4.1),4838.21761715,12.2402599461,71.9814241486,Branched-chain amino acid transport ATP-binding protein LivG (TC 3.A.1.4.1),1326.69377218,10.3736196905,73.4911242604,Branched-chain amino acid transport ATP-binding protein LivG (TC 3.A.1.4.1)
rxn05168_c0,group00016,2207.31355625,11.1080758685,62.8681177977,Branched-chain amino acid transport ATP-binding protein LivF (TC 3.A.1.4.1),194.15858555,7.60109169334,25.0773993808,Branched-chain amino acid transport ATP-binding protein LivF (TC 3.A.1.4.1),1469.61676407,10.5212242733,76.3313609467,Branched-chain amino acid transport ATP-binding protein LivF (TC 3.A.1.4.1)
rxn05168_c0,group00516,9753.61281702,13.2517209884,83.2266325224,Branched-chain amino acid transport system permease protein LivM (TC 3.A.1.4.1),1350.01768166,10.3987625876,50.6191950464,Branched-chain amino acid transport system permease protein LivM (TC 3.A.1.4.1),0.0,0.0,0.0,Branched-chain amino acid transport system permease protein LivM (TC 3.A.1.4.1)
rxn05168_c0,group00634,19262.8585398,14.2335341894,89.2445582586,High-affinity branched-chain amino acid transport system permease protein LivH (TC 3.A.1.4.1),3572.60835661,11.8027620533,67.6470588235,High-affinity branched-chain amino acid transport system permease protein LivH (TC 3.A.1.4.1),0.0,0.0,0.0,High-affinity branched-chain amino acid transport system permease protein LivH (TC 3.A.1.4.1)
rxn05168_c0,group00984,904.229963908,9.82054591551,46.3508322663,High-affinity branched-chain amino acid transport system permease protein LivH (TC 3.A.1.4.1),0.0,0.0,0.0,High-affinity branched-chain amino acid transport system permease protein LivH (TC 3.A.1.4.1),0.0,0.0,0.0,High-affinity branched-chain amino acid transport system permease protein LivH (TC 3.A.1.4.1)
rxn05168_c0,group01009,36019.8879669,15.1365060736,93.5979513444,"Branched-chain amino acid ABC transporter, amino acid-binding protein (TC 3.A.1.4.1)",338269.002495,18.3678114553,98.2972136223,"Branched-chain amino acid ABC transporter, amino acid-binding protein (TC 3.A.1.4.1)",,,,
rxn05168_c0,group01012,2472.17556953,11.2715654892,64.2765685019,hypothetical protein,2224.74162133,11.1194220777,58.8235294118,Branched-chain amino acid transport system permease protein LivM (TC 3.A.1.4.1),,,,
rxn05168_c0,group01149,98118.0073627,16.5822303147,96.9270166453,None Provided,156470.652227,17.2555325638,96.439628483,hypothetical protein,2887.26680136,11.4954887124,83.0769230769,"Branched-chain amino acid ABC transporter, amino acid-binding protein (TC 3.A.1.4.1)"
rxn05168_c0,group01461,58872.4049555,15.8453039429,95.7746478873,"Branched-chain amino acid ABC transporter, amino acid-binding protein (TC 3.A.1.4.1)",55766.2095891,15.7671035944,89.3188854489,"Branched-chain amino acid ABC transporter, amino acid-binding protein (TC 3.A.1.4.1)",,,,
rxn05168_c0,group01646,0.0,0.0,0.0,High-affinity branched-chain amino acid transport system permease protein LivH (TC 3.A.1.4.1),0.0,0.0,0.0,None Provided,,,,
rxn05168_c0,group01790,0.0,0.0,0.0,Branched-chain amino acid transport system permease protein LivM (TC 3.A.1.4.1),,,,,,,,
rxn05168_c0,group01976,,,,,265.196915933,8.05092018772,30.0309597523,High-affinity branched-chain amino acid transport system permease protein LivH (TC 3.A.1.4.1),,,,
rxn05168_c0,group01982,0.0,0.0,0.0,Branched-chain amino acid transport ATP-binding protein LivF (TC 3.A.1.4.1),,,,,,,,
rxn05168_c0,group02003,561278.541845,19.0983573793,98.9756722151,"Branched-chain amino acid ABC transporter, amino acid-binding protein (TC 3.A.1.4.1)",,,,,,,,
rxn05168_c0,group02092,,,,,297.766624299,8.21803824572,31.73374613,None Provided,,,,
rxn05168_c0,group02152,,,,,249.923158554,7.96534078141,29.4117647059,Branched-chain amino acid transport ATP-binding protein LivG (TC 3.A.1.4.1),,,,
rxn05168_c0,group02153,,,,,138.256947156,7.11120816481,17.8018575851,Branched-chain amino acid transport ATP-binding protein LivF (TC 3.A.1.4.1),,,,
rxn05168_c0,group02224,,,,,2917.42637495,11.5104805328,64.3962848297,"Branched-chain amino acid ABC transporter, amino acid-binding protein (TC 3.A.1.4.1)",,,,
rxn05168_c0,group02505,0.0,0.0,0.0,Branched-chain amino acid transport system permease protein LivM (TC 3.A.1.4.1),,,,,,,,
rxn05168_c0,group03070,0.0,0.0,0.0,High-affinity branched-chain amino acid transport system permease protein LivH (TC 3.A.1.4.1),,,,,,,,
rxn05168_c0,group03092,,,,,51761.5419933,15.6595929759,88.6996904025,"Branched-chain amino acid ABC transporter, amino acid-binding protein (TC 3.A.1.4.1)",,,,
rxn05168_c0,group03415,,,,,0.0,0.0,0.0,Branched-chain amino acid transport ATP-binding protein LivF (TC 3.A.1.4.1),,,,
rxn05170_c0,group00654,8800.39815206,13.103353081,81.562099872,"Glycerol-3-phosphate ABC transporter, ATP-binding protein UgpC (TC 3.A.1.1.3)",,,,,,,,
rxn05170_c0,group00687,,,,,144.302467982,7.172952164,19.1950464396,None Provided,,,,
rxn05170_c0,group00795,502.918487202,8.9741807774,35.595390525,hypothetical protein,,,,,,,,
rxn05170_c0,group01205,,,,,69.0154558301,6.10884758073,3.86996904025,None Provided,,,,
rxn05170_c0,group01299,19461.7286832,14.2483522424,89.3725992318,"Maltose/maltodextrin ABC transporter, substrate binding periplasmic protein MalE",180475.14539,17.4614406407,97.0588235294,"Maltose/maltodextrin ABC transporter, substrate binding periplasmic protein MalE",,,,
rxn05170_c0,group01320,0.0,0.0,0.0,"Maltose/maltodextrin ABC transporter, permease protein MalG",1822.65424038,10.8318251911,54.7987616099,"Maltose/maltodextrin ABC transporter, permease protein MalG",146.013229412,7.18995527903,11.5976331361,"Maltose/maltodextrin ABC transporter, permease protein MalG"
rxn05170_c0,group01387,442.280601875,8.78881815778,33.9308578745,"Maltose/maltodextrin ABC transporter, permease protein MalF",878.423421726,9.77877271174,44.2724458204,"Maltose/maltodextrin ABC transporter, permease protein MalF",0.0,0.0,0.0,"Maltose/maltodextrin ABC transporter, permease protein MalF"
rxn05170_c0,group01543,,,,,0.0,0.0,0.0,hypothetical protein,,,,
rxn05170_c0,group01747,,,,,0.0,0.0,0.0,"Maltose/maltodextrin ABC transporter, substrate binding periplasmic protein MalE",,,,
rxn05170_c0,group01846,0.0,0.0,0.0,hypothetical protein,,,,,,,,
rxn05170_c0,group02058,30927.2526222,14.9165910589,92.5736235595,"N-Acetyl-D-glucosamine ABC transport system, sugar-binding protein",,,,,,,,
rxn05170_c0,group02355,,,,,,,,,0.0,0.0,0.0,"Maltose/maltodextrin ABC transporter, substrate binding periplasmic protein MalE"
rxn05171_c0,group02938,0.0,0.0,0.0,"ABC-type nitrate/sulfonate/bicarbonate transport systems, periplasmic components",,,,,,,,
rxn05172_c0,group02938,0.0,0.0,0.0,"ABC-type nitrate/sulfonate/bicarbonate transport systems, periplasmic components",,,,,,,,
rxn05173_c0,group00687,,,,,144.302467982,7.172952164,19.1950464396,None Provided,,,,
rxn05173_c0,group00795,502.918487202,8.9741807774,35.595390525,hypothetical protein,,,,,,,,
rxn05173_c0,group01846,0.0,0.0,0.0,hypothetical protein,,,,,,,,
rxn05174_c0,group01261,0.0,0.0,0.0,HoxN/HupN/NixA family nickel/cobalt transporter,0.0,0.0,0.0,HoxN/HupN/NixA family nickel/cobalt transporter,,,,
rxn05175_c0,group00012,5373.05747196,12.3915275543,74.6478873239,Putrescine transport ATP-binding protein PotG (TC 3.A.1.11.2),12564.0874713,13.6170182717,79.2569659443,Putrescine transport ATP-binding protein PotG (TC 3.A.1.11.2),788.198500462,9.62241519454,60.7100591716,Sulfate and thiosulfate import ATP-binding protein CysA (EC 3.6.3.25)
rxn05175_c0,group00453,237.854671413,7.89393654956,19.3341869398,Putrescine transport system permease protein PotH (TC 3.A.1.11.2),2183.39977822,11.0923605951,58.3591331269,Putrescine transport system permease protein PotH (TC 3.A.1.11.2),204.34458844,7.67486022744,22.0118343195,Putrescine transport system permease protein PotH (TC 3.A.1.11.2)
rxn05175_c0,group00471,0.0,0.0,0.0,Putrescine transport system permease protein PotI (TC 3.A.1.11.2),0.0,0.0,0.0,Putrescine transport system permease protein PotI (TC 3.A.1.11.2),214.869553513,7.74731726069,24.7337278107,Putrescine transport system permease protein PotI (TC 3.A.1.11.2)
rxn05175_c0,group00970,,,,,,,,,305.025801727,8.25278747327,36.2130177515,Putrescine transport ATP-binding protein PotA (TC 3.A.1.11.1)
rxn05175_c0,group01671,89290.9585548,16.4462264775,96.6709346991,"ABC transporter, periplasmic spermidine putrescine-binding protein PotD (TC 3.A.1.11.1)",0.0,0.0,0.0,"ABC transporter, periplasmic spermidine putrescine-binding protein PotD (TC 3.A.1.11.1)",,,,
rxn05175_c0,group01743,0.0,0.0,0.0,Spermidine Putrescine ABC transporter permease component potC (TC_3.A.1.11.1),0.0,0.0,0.0,Spermidine Putrescine ABC transporter permease component potC (TC_3.A.1.11.1),,,,
rxn05175_c0,group01744,0.0,0.0,0.0,Spermidine Putrescine ABC transporter permease component PotB (TC 3.A.1.11.1),0.0,0.0,0.0,Spermidine Putrescine ABC transporter permease component PotB (TC 3.A.1.11.1),,,,
rxn05175_c0,group02348,0.0,0.0,0.0,Putrescine transport ATP-binding protein PotA (TC 3.A.1.11.1),0.0,0.0,0.0,Putrescine transport ATP-binding protein PotA (TC 3.A.1.11.1),,,,
rxn05175_c0,group03521,,,,,0.0,0.0,0.0,Putrescine transport system permease protein PotH (TC 3.A.1.11.2),,,,
rxn05175_c0,group04851,0.0,0.0,0.0,Putrescine transport ATP-binding protein PotG (TC 3.A.1.11.2),,,,,,,,
rxn05175_c0,group04947,0.0,0.0,0.0,Putrescine transport ATP-binding protein PotA (TC 3.A.1.11.1),,,,,,,,
rxn05176_c0,group00012,5373.05747196,12.3915275543,74.6478873239,Putrescine transport ATP-binding protein PotG (TC 3.A.1.11.2),12564.0874713,13.6170182717,79.2569659443,Putrescine transport ATP-binding protein PotG (TC 3.A.1.11.2),788.198500462,9.62241519454,60.7100591716,Sulfate and thiosulfate import ATP-binding protein CysA (EC 3.6.3.25)
rxn05177_c0,group01281,0.0,0.0,0.0,None Provided,0.0,0.0,0.0,None Provided,,,,
rxn05177_c0,group01417,0.0,0.0,0.0,"Thiamin ABC transporter, transmembrane component",,,,,,,,
rxn05177_c0,group01429,0.0,0.0,0.0,"Thiamin ABC transporter, substrate-binding component",,,,,,,,
rxn05179_c0,group00004,3443.14623103,11.7495117384,68.6299615877,Branched-chain amino acid transport ATP-binding protein LivG (TC 3.A.1.4.1),4838.21761715,12.2402599461,71.9814241486,Branched-chain amino acid transport ATP-binding protein LivG (TC 3.A.1.4.1),1326.69377218,10.3736196905,73.4911242604,Branched-chain amino acid transport ATP-binding protein LivG (TC 3.A.1.4.1)
rxn05179_c0,group00016,2207.31355625,11.1080758685,62.8681177977,Branched-chain amino acid transport ATP-binding protein LivF (TC 3.A.1.4.1),194.15858555,7.60109169334,25.0773993808,Branched-chain amino acid transport ATP-binding protein LivF (TC 3.A.1.4.1),1469.61676407,10.5212242733,76.3313609467,Branched-chain amino acid transport ATP-binding protein LivF (TC 3.A.1.4.1)
rxn05179_c0,group00516,9753.61281702,13.2517209884,83.2266325224,Branched-chain amino acid transport system permease protein LivM (TC 3.A.1.4.1),1350.01768166,10.3987625876,50.6191950464,Branched-chain amino acid transport system permease protein LivM (TC 3.A.1.4.1),0.0,0.0,0.0,Branched-chain amino acid transport system permease protein LivM (TC 3.A.1.4.1)
rxn05179_c0,group00634,19262.8585398,14.2335341894,89.2445582586,High-affinity branched-chain amino acid transport system permease protein LivH (TC 3.A.1.4.1),3572.60835661,11.8027620533,67.6470588235,High-affinity branched-chain amino acid transport system permease protein LivH (TC 3.A.1.4.1),0.0,0.0,0.0,High-affinity branched-chain amino acid transport system permease protein LivH (TC 3.A.1.4.1)
rxn05179_c0,group00984,904.229963908,9.82054591551,46.3508322663,High-affinity branched-chain amino acid transport system permease protein LivH (TC 3.A.1.4.1),0.0,0.0,0.0,High-affinity branched-chain amino acid transport system permease protein LivH (TC 3.A.1.4.1),0.0,0.0,0.0,High-affinity branched-chain amino acid transport system permease protein LivH (TC 3.A.1.4.1)
rxn05179_c0,group01009,36019.8879669,15.1365060736,93.5979513444,"Branched-chain amino acid ABC transporter, amino acid-binding protein (TC 3.A.1.4.1)",338269.002495,18.3678114553,98.2972136223,"Branched-chain amino acid ABC transporter, amino acid-binding protein (TC 3.A.1.4.1)",,,,
rxn05179_c0,group01012,2472.17556953,11.2715654892,64.2765685019,hypothetical protein,2224.74162133,11.1194220777,58.8235294118,Branched-chain amino acid transport system permease protein LivM (TC 3.A.1.4.1),,,,
rxn05179_c0,group01149,98118.0073627,16.5822303147,96.9270166453,None Provided,156470.652227,17.2555325638,96.439628483,hypothetical protein,2887.26680136,11.4954887124,83.0769230769,"Branched-chain amino acid ABC transporter, amino acid-binding protein (TC 3.A.1.4.1)"
rxn05179_c0,group01461,58872.4049555,15.8453039429,95.7746478873,"Branched-chain amino acid ABC transporter, amino acid-binding protein (TC 3.A.1.4.1)",55766.2095891,15.7671035944,89.3188854489,"Branched-chain amino acid ABC transporter, amino acid-binding protein (TC 3.A.1.4.1)",,,,
rxn05179_c0,group01646,0.0,0.0,0.0,High-affinity branched-chain amino acid transport system permease protein LivH (TC 3.A.1.4.1),0.0,0.0,0.0,None Provided,,,,
rxn05179_c0,group01790,0.0,0.0,0.0,Branched-chain amino acid transport system permease protein LivM (TC 3.A.1.4.1),,,,,,,,
rxn05179_c0,group01976,,,,,265.196915933,8.05092018772,30.0309597523,High-affinity branched-chain amino acid transport system permease protein LivH (TC 3.A.1.4.1),,,,
rxn05179_c0,group01982,0.0,0.0,0.0,Branched-chain amino acid transport ATP-binding protein LivF (TC 3.A.1.4.1),,,,,,,,
rxn05179_c0,group02003,561278.541845,19.0983573793,98.9756722151,"Branched-chain amino acid ABC transporter, amino acid-binding protein (TC 3.A.1.4.1)",,,,,,,,
rxn05179_c0,group02092,,,,,297.766624299,8.21803824572,31.73374613,None Provided,,,,
rxn05179_c0,group02152,,,,,249.923158554,7.96534078141,29.4117647059,Branched-chain amino acid transport ATP-binding protein LivG (TC 3.A.1.4.1),,,,
rxn05179_c0,group02153,,,,,138.256947156,7.11120816481,17.8018575851,Branched-chain amino acid transport ATP-binding protein LivF (TC 3.A.1.4.1),,,,
rxn05179_c0,group02224,,,,,2917.42637495,11.5104805328,64.3962848297,"Branched-chain amino acid ABC transporter, amino acid-binding protein (TC 3.A.1.4.1)",,,,
rxn05179_c0,group02505,0.0,0.0,0.0,Branched-chain amino acid transport system permease protein LivM (TC 3.A.1.4.1),,,,,,,,
rxn05179_c0,group03070,0.0,0.0,0.0,High-affinity branched-chain amino acid transport system permease protein LivH (TC 3.A.1.4.1),,,,,,,,
rxn05179_c0,group03092,,,,,51761.5419933,15.6595929759,88.6996904025,"Branched-chain amino acid ABC transporter, amino acid-binding protein (TC 3.A.1.4.1)",,,,
rxn05179_c0,group03415,,,,,0.0,0.0,0.0,Branched-chain amino acid transport ATP-binding protein LivF (TC 3.A.1.4.1),,,,
rxn05181_c0,group00254,2174.72936641,11.086620161,62.099871959,Phosphate transport system permease protein PstA (TC 3.A.1.7.1),,,,,,,,
rxn05181_c0,group01153,0.0,0.0,0.0,L-proline glycine betaine ABC transport system permease protein ProV (TC 3.A.1.12.1),,,,,,,,
rxn05181_c0,group01352,0.0,0.0,0.0,"Glycine betaine ABC transport system, ATP-binding protein OpuAA (EC 3.6.3.32)",0.0,0.0,0.0,"Glycine betaine ABC transport system, ATP-binding protein OpuAA (EC 3.6.3.32)",,,,
rxn05181_c0,group01547,0.0,0.0,0.0,binding-protein-dependent transport systems inner membrane component,0.0,0.0,0.0,"Glycine betaine ABC transport system, permease protein OpuAB",,,,
rxn05181_c0,group03947,0.0,0.0,0.0,"Glycine betaine ABC transport system, ATP-binding protein OpuAA (EC 3.6.3.32)",,,,,,,,
rxn05187_c0,group01051,0.0,0.0,0.0,"Vitamin B12 ABC transporter, permease component BtuC",0.0,0.0,0.0,"Vitamin B12 ABC transporter, permease component BtuC",,,,
rxn05187_c0,group01061,0.0,0.0,0.0,"Vitamin B12 ABC transporter, B12-binding component BtuF",0.0,0.0,0.0,"Vitamin B12 ABC transporter, B12-binding component BtuF",,,,
rxn05188_c0,group01465,,,,,0.0,0.0,0.0,"Hemin ABC transporter, permease protein",,,,
rxn05192_c0,group00254,2174.72936641,11.086620161,62.099871959,Phosphate transport system permease protein PstA (TC 3.A.1.7.1),,,,,,,,
rxn05192_c0,group01352,0.0,0.0,0.0,"Glycine betaine ABC transport system, ATP-binding protein OpuAA (EC 3.6.3.32)",0.0,0.0,0.0,"Glycine betaine ABC transport system, ATP-binding protein OpuAA (EC 3.6.3.32)",,,,
rxn05192_c0,group01547,0.0,0.0,0.0,binding-protein-dependent transport systems inner membrane component,0.0,0.0,0.0,"Glycine betaine ABC transport system, permease protein OpuAB",,,,
rxn05192_c0,group03947,0.0,0.0,0.0,"Glycine betaine ABC transport system, ATP-binding protein OpuAA (EC 3.6.3.32)",,,,,,,,
rxn05193_c0,group00254,2174.72936641,11.086620161,62.099871959,Phosphate transport system permease protein PstA (TC 3.A.1.7.1),,,,,,,,
rxn05193_c0,group01352,0.0,0.0,0.0,"Glycine betaine ABC transport system, ATP-binding protein OpuAA (EC 3.6.3.32)",0.0,0.0,0.0,"Glycine betaine ABC transport system, ATP-binding protein OpuAA (EC 3.6.3.32)",,,,
rxn05193_c0,group01547,0.0,0.0,0.0,binding-protein-dependent transport systems inner membrane component,0.0,0.0,0.0,"Glycine betaine ABC transport system, permease protein OpuAB",,,,
rxn05193_c0,group03947,0.0,0.0,0.0,"Glycine betaine ABC transport system, ATP-binding protein OpuAA (EC 3.6.3.32)",,,,,,,,
rxn05197_c0,group00712,72.2093060366,6.17411287255,0.768245838668,Cytosine/purine/uracil/thiamine/allantoin permease family protein,0.0,0.0,0.0,Cytosine/purine/uracil/thiamine/allantoin permease family protein,,,,
rxn05197_c0,group01406,53861.5464118,15.716968031,95.2624839949,Uracil permease,21828.8010035,14.4139452688,82.0433436533,Uracil permease,5784.64615249,12.4980129969,88.7573964497,Uracil permease
rxn05197_c0,group01459,0.0,0.0,0.0,Cytosine/purine/uracil/thiamine/allantoin permease family protein,,,,,,,,
rxn05197_c0,group01544,0.0,0.0,0.0,Cytosine/purine/uracil/thiamine/allantoin permease family protein,,,,,,,,
rxn05197_c0,group02060,,,,,0.0,0.0,0.0,Cytosine/purine/uracil/thiamine/allantoin permease family protein,,,,
rxn05197_c0,group03287,0.0,0.0,0.0,Cytosine/purine/uracil/thiamine/allantoin permease family protein,,,,,,,,
rxn05201_c0,group00227,8874.3902592,13.115432283,81.8181818182,Guanylate kinase (EC 2.7.4.8),,,,,,,,
rxn05201_c0,group00876,148149.561888,17.1766948344,97.695262484,Xanthine/uracil/thiamine/ascorbate permease family protein,32341.7466437,14.9811099744,85.4489164087,Xanthine/uracil/thiamine/ascorbate permease family protein,13669.5441883,13.7386775165,93.7278106509,Xanthine/uracil/thiamine/ascorbate permease family protein
rxn05206_c0,group00832,379.524313112,8.5680485004,31.2419974392,Potassium efflux system KefA protein / Small-conductance mechanosensitive channel,0.0,0.0,0.0,Potassium efflux system KefA protein / Small-conductance mechanosensitive channel,1560.21645978,10.6075304828,76.9230769231,Potassium efflux system KefA protein / Small-conductance mechanosensitive channel
rxn05209_c0,group00886,59.4181459013,5.89283168255,0.384122919334,Na+/H+ antiporter NhaA type,0.0,0.0,0.0,Na+/H+ antiporter NhaA type,0.0,0.0,0.0,Na+/H+ antiporter NhaA type
rxn05209_c0,group02869,,,,,,,,,0.0,0.0,0.0,Na+/H+ antiporter NhaA type
rxn05223_c0,group00754,0.0,0.0,0.0,Substrate-specific component BioY of biotin ECF transporter,0.0,0.0,0.0,Substrate-specific component BioY of biotin ECF transporter,,,,
rxn05223_c0,group03288,0.0,0.0,0.0,Substrate-specific component BioY of biotin ECF transporter,,,,,,,,
rxn05305_c0,group01619,0.0,0.0,0.0,"Transporter, LysE family",0.0,0.0,0.0,"Transporter, LysE family",,,,
rxn05466_c0,group00019,113821.636173,16.7964152977,97.5672215109,Ammonium transporter,487.720421838,8.92991057197,37.6160990712,Ammonium transporter,6147.84406351,12.585864857,89.1124260355,Ammonium transporter
rxn05466_c0,group00893,,,,,76.6775908082,6.26073310347,4.6439628483,hypothetical protein,,,,
rxn05466_c0,group00961,0.0,0.0,0.0,hypothetical protein,,,,,248.702179663,7.95827534138,29.4674556213,Ammonium transporter
rxn05504_c0,group00254,2174.72936641,11.086620161,62.099871959,Phosphate transport system permease protein PstA (TC 3.A.1.7.1),,,,,,,,
rxn05504_c0,group01352,0.0,0.0,0.0,"Glycine betaine ABC transport system, ATP-binding protein OpuAA (EC 3.6.3.32)",0.0,0.0,0.0,"Glycine betaine ABC transport system, ATP-binding protein OpuAA (EC 3.6.3.32)",,,,
rxn05504_c0,group01547,0.0,0.0,0.0,binding-protein-dependent transport systems inner membrane component,0.0,0.0,0.0,"Glycine betaine ABC transport system, permease protein OpuAB",,,,
rxn05504_c0,group03947,0.0,0.0,0.0,"Glycine betaine ABC transport system, ATP-binding protein OpuAA (EC 3.6.3.32)",,,,,,,,
rxn05515_c0,group01051,0.0,0.0,0.0,"Vitamin B12 ABC transporter, permease component BtuC",0.0,0.0,0.0,"Vitamin B12 ABC transporter, permease component BtuC",,,,
rxn05515_c0,group01061,0.0,0.0,0.0,"Vitamin B12 ABC transporter, B12-binding component BtuF",0.0,0.0,0.0,"Vitamin B12 ABC transporter, B12-binding component BtuF",,,,
rxn05516_c0,group00587,581.993390716,9.18485895934,38.7964148528,"Lead, cadmium, zinc and mercury transporting ATPase (EC 3.6.3.3) (EC 3.6.3.5); Copper-translocating P-type ATPase (EC 3.6.3.4)",0.0,0.0,0.0,"Lead, cadmium, zinc and mercury transporting ATPase (EC 3.6.3.3) (EC 3.6.3.5); Copper-translocating P-type ATPase (EC 3.6.3.4)",276.894777882,8.11319403512,32.7810650888,"Lead, cadmium, zinc and mercury transporting ATPase (EC 3.6.3.3) (EC 3.6.3.5); Copper-translocating P-type ATPase (EC 3.6.3.4)"
rxn05516_c0,group01728,,,,,,,,,0.0,0.0,0.0,"Lead, cadmium, zinc and mercury transporting ATPase (EC 3.6.3.3) (EC 3.6.3.5); Copper-translocating P-type ATPase (EC 3.6.3.4)"
rxn05516_c0,group02040,,,,,0.0,0.0,0.0,hypothetical protein,,,,
rxn05527_c0,group00712,72.2093060366,6.17411287255,0.768245838668,Cytosine/purine/uracil/thiamine/allantoin permease family protein,0.0,0.0,0.0,Cytosine/purine/uracil/thiamine/allantoin permease family protein,,,,
rxn05527_c0,group01459,0.0,0.0,0.0,Cytosine/purine/uracil/thiamine/allantoin permease family protein,,,,,,,,
rxn05527_c0,group01544,0.0,0.0,0.0,Cytosine/purine/uracil/thiamine/allantoin permease family protein,,,,,,,,
rxn05527_c0,group02060,,,,,0.0,0.0,0.0,Cytosine/purine/uracil/thiamine/allantoin permease family protein,,,,
rxn05527_c0,group03287,0.0,0.0,0.0,Cytosine/purine/uracil/thiamine/allantoin permease family protein,,,,,,,,
rxn05528_c0,group00587,581.993390716,9.18485895934,38.7964148528,"Lead, cadmium, zinc and mercury transporting ATPase (EC 3.6.3.3) (EC 3.6.3.5); Copper-translocating P-type ATPase (EC 3.6.3.4)",0.0,0.0,0.0,"Lead, cadmium, zinc and mercury transporting ATPase (EC 3.6.3.3) (EC 3.6.3.5); Copper-translocating P-type ATPase (EC 3.6.3.4)",276.894777882,8.11319403512,32.7810650888,"Lead, cadmium, zinc and mercury transporting ATPase (EC 3.6.3.3) (EC 3.6.3.5); Copper-translocating P-type ATPase (EC 3.6.3.4)"
rxn05528_c0,group01728,,,,,,,,,0.0,0.0,0.0,"Lead, cadmium, zinc and mercury transporting ATPase (EC 3.6.3.3) (EC 3.6.3.5); Copper-translocating P-type ATPase (EC 3.6.3.4)"
rxn05528_c0,group02040,,,,,0.0,0.0,0.0,hypothetical protein,,,,
rxn05533_c0,group00020,3457.72791742,11.7556086349,68.7580025608,Oligopeptide transport ATP-binding protein OppD (TC 3.A.1.5.1),717.172266944,9.48617589003,41.6408668731,Dipeptide transport ATP-binding protein DppD (TC 3.A.1.5.2),,,,
rxn05533_c0,group00021,583.242971869,9.18795320748,39.052496799,Oligopeptide transport system permease protein OppC (TC 3.A.1.5.1),258.064423334,8.01158745551,29.8761609907,Oligopeptide transport system permease protein OppC (TC 3.A.1.5.1),4800.66839478,12.2290195702,87.3372781065,Oligopeptide transport system permease protein OppC (TC 3.A.1.5.1)
rxn05533_c0,group00508,0.0,0.0,0.0,Oligopeptide transport ATP-binding protein OppF (TC 3.A.1.5.1),0.0,0.0,0.0,Oligopeptide transport ATP-binding protein OppF (TC 3.A.1.5.1),,,,
rxn05533_c0,group00900,610.160647743,9.2530453262,39.9487836108,D-alanyl-D-alanine carboxypeptidase (EC 3.4.16.4),,,,,,,,
rxn05533_c0,group01044,0.0,0.0,0.0,"Oligopeptide ABC transporter, periplasmic oligopeptide-binding protein OppA (TC 3.A.1.5.1)",11441.0835267,13.4819360684,78.3281733746,"Oligopeptide ABC transporter, periplasmic oligopeptide-binding protein OppA (TC 3.A.1.5.1)",,,,
rxn05533_c0,group01124,41439.4895295,15.3387186109,94.23815621,hypothetical protein,108716.146947,16.7302067054,95.2012383901,"Oligopeptide ABC transporter, periplasmic oligopeptide-binding protein OppA (TC 3.A.1.5.1)",172203.920339,17.3937584615,99.5266272189,"Oligopeptide ABC transporter, periplasmic oligopeptide-binding protein OppA (TC 3.A.1.5.1)"
rxn05533_c0,group01173,0.0,0.0,0.0,"Oligopeptide ABC transporter, periplasmic oligopeptide-binding protein OppA (TC 3.A.1.5.1)",71663.1131505,16.1289430972,92.1052631579,"Oligopeptide ABC transporter, periplasmic oligopeptide-binding protein OppA (TC 3.A.1.5.1)",,,,
rxn05533_c0,group01225,27514.1342024,14.7478853111,92.3175416133,"Oligopeptide ABC transporter, periplasmic oligopeptide-binding protein OppA (TC 3.A.1.5.1)",26365.8785383,14.6863844492,83.746130031,"Oligopeptide ABC transporter, periplasmic oligopeptide-binding protein OppA (TC 3.A.1.5.1)",,,,
rxn05533_c0,group01852,,,,,0.0,0.0,0.0,"Oligopeptide ABC transporter, periplasmic oligopeptide-binding protein OppA (TC 3.A.1.5.1)",,,,
rxn05533_c0,group02257,,,,,1897.94393514,10.8902216607,55.7275541796,Oligopeptide transport ATP-binding protein OppD (TC 3.A.1.5.1),,,,
rxn05533_c0,group03065,0.0,0.0,0.0,Oligopeptide transport ATP-binding protein OppF (TC 3.A.1.5.1),,,,,,,,
rxn05533_c0,group03116,,,,,0.0,0.0,0.0,Oligopeptide transport system permease protein OppC (TC 3.A.1.5.1),,,,
rxn05533_c0,group03155,0.0,0.0,0.0,Oligopeptide transport system permease protein OppC (TC 3.A.1.5.1),,,,,,,,
rxn05534_c0,group00020,3457.72791742,11.7556086349,68.7580025608,Oligopeptide transport ATP-binding protein OppD (TC 3.A.1.5.1),717.172266944,9.48617589003,41.6408668731,Dipeptide transport ATP-binding protein DppD (TC 3.A.1.5.2),,,,
rxn05534_c0,group00021,583.242971869,9.18795320748,39.052496799,Oligopeptide transport system permease protein OppC (TC 3.A.1.5.1),258.064423334,8.01158745551,29.8761609907,Oligopeptide transport system permease protein OppC (TC 3.A.1.5.1),4800.66839478,12.2290195702,87.3372781065,Oligopeptide transport system permease protein OppC (TC 3.A.1.5.1)
rxn05534_c0,group00508,0.0,0.0,0.0,Oligopeptide transport ATP-binding protein OppF (TC 3.A.1.5.1),0.0,0.0,0.0,Oligopeptide transport ATP-binding protein OppF (TC 3.A.1.5.1),,,,
rxn05534_c0,group00900,610.160647743,9.2530453262,39.9487836108,D-alanyl-D-alanine carboxypeptidase (EC 3.4.16.4),,,,,,,,
rxn05534_c0,group01044,0.0,0.0,0.0,"Oligopeptide ABC transporter, periplasmic oligopeptide-binding protein OppA (TC 3.A.1.5.1)",11441.0835267,13.4819360684,78.3281733746,"Oligopeptide ABC transporter, periplasmic oligopeptide-binding protein OppA (TC 3.A.1.5.1)",,,,
rxn05534_c0,group01124,41439.4895295,15.3387186109,94.23815621,hypothetical protein,108716.146947,16.7302067054,95.2012383901,"Oligopeptide ABC transporter, periplasmic oligopeptide-binding protein OppA (TC 3.A.1.5.1)",172203.920339,17.3937584615,99.5266272189,"Oligopeptide ABC transporter, periplasmic oligopeptide-binding protein OppA (TC 3.A.1.5.1)"
rxn05534_c0,group01173,0.0,0.0,0.0,"Oligopeptide ABC transporter, periplasmic oligopeptide-binding protein OppA (TC 3.A.1.5.1)",71663.1131505,16.1289430972,92.1052631579,"Oligopeptide ABC transporter, periplasmic oligopeptide-binding protein OppA (TC 3.A.1.5.1)",,,,
rxn05534_c0,group01225,27514.1342024,14.7478853111,92.3175416133,"Oligopeptide ABC transporter, periplasmic oligopeptide-binding protein OppA (TC 3.A.1.5.1)",26365.8785383,14.6863844492,83.746130031,"Oligopeptide ABC transporter, periplasmic oligopeptide-binding protein OppA (TC 3.A.1.5.1)",,,,
rxn05534_c0,group01852,,,,,0.0,0.0,0.0,"Oligopeptide ABC transporter, periplasmic oligopeptide-binding protein OppA (TC 3.A.1.5.1)",,,,
rxn05534_c0,group02257,,,,,1897.94393514,10.8902216607,55.7275541796,Oligopeptide transport ATP-binding protein OppD (TC 3.A.1.5.1),,,,
rxn05534_c0,group03065,0.0,0.0,0.0,Oligopeptide transport ATP-binding protein OppF (TC 3.A.1.5.1),,,,,,,,
rxn05534_c0,group03116,,,,,0.0,0.0,0.0,Oligopeptide transport system permease protein OppC (TC 3.A.1.5.1),,,,
rxn05534_c0,group03155,0.0,0.0,0.0,Oligopeptide transport system permease protein OppC (TC 3.A.1.5.1),,,,,,,,
rxn05535_c0,group00020,3457.72791742,11.7556086349,68.7580025608,Oligopeptide transport ATP-binding protein OppD (TC 3.A.1.5.1),717.172266944,9.48617589003,41.6408668731,Dipeptide transport ATP-binding protein DppD (TC 3.A.1.5.2),,,,
rxn05535_c0,group00021,583.242971869,9.18795320748,39.052496799,Oligopeptide transport system permease protein OppC (TC 3.A.1.5.1),258.064423334,8.01158745551,29.8761609907,Oligopeptide transport system permease protein OppC (TC 3.A.1.5.1),4800.66839478,12.2290195702,87.3372781065,Oligopeptide transport system permease protein OppC (TC 3.A.1.5.1)
rxn05535_c0,group00508,0.0,0.0,0.0,Oligopeptide transport ATP-binding protein OppF (TC 3.A.1.5.1),0.0,0.0,0.0,Oligopeptide transport ATP-binding protein OppF (TC 3.A.1.5.1),,,,
rxn05535_c0,group00900,610.160647743,9.2530453262,39.9487836108,D-alanyl-D-alanine carboxypeptidase (EC 3.4.16.4),,,,,,,,
rxn05535_c0,group01044,0.0,0.0,0.0,"Oligopeptide ABC transporter, periplasmic oligopeptide-binding protein OppA (TC 3.A.1.5.1)",11441.0835267,13.4819360684,78.3281733746,"Oligopeptide ABC transporter, periplasmic oligopeptide-binding protein OppA (TC 3.A.1.5.1)",,,,
rxn05535_c0,group01124,41439.4895295,15.3387186109,94.23815621,hypothetical protein,108716.146947,16.7302067054,95.2012383901,"Oligopeptide ABC transporter, periplasmic oligopeptide-binding protein OppA (TC 3.A.1.5.1)",172203.920339,17.3937584615,99.5266272189,"Oligopeptide ABC transporter, periplasmic oligopeptide-binding protein OppA (TC 3.A.1.5.1)"
rxn05535_c0,group01173,0.0,0.0,0.0,"Oligopeptide ABC transporter, periplasmic oligopeptide-binding protein OppA (TC 3.A.1.5.1)",71663.1131505,16.1289430972,92.1052631579,"Oligopeptide ABC transporter, periplasmic oligopeptide-binding protein OppA (TC 3.A.1.5.1)",,,,
rxn05535_c0,group01225,27514.1342024,14.7478853111,92.3175416133,"Oligopeptide ABC transporter, periplasmic oligopeptide-binding protein OppA (TC 3.A.1.5.1)",26365.8785383,14.6863844492,83.746130031,"Oligopeptide ABC transporter, periplasmic oligopeptide-binding protein OppA (TC 3.A.1.5.1)",,,,
rxn05535_c0,group01852,,,,,0.0,0.0,0.0,"Oligopeptide ABC transporter, periplasmic oligopeptide-binding protein OppA (TC 3.A.1.5.1)",,,,
rxn05535_c0,group02257,,,,,1897.94393514,10.8902216607,55.7275541796,Oligopeptide transport ATP-binding protein OppD (TC 3.A.1.5.1),,,,
rxn05535_c0,group03065,0.0,0.0,0.0,Oligopeptide transport ATP-binding protein OppF (TC 3.A.1.5.1),,,,,,,,
rxn05535_c0,group03116,,,,,0.0,0.0,0.0,Oligopeptide transport system permease protein OppC (TC 3.A.1.5.1),,,,
rxn05535_c0,group03155,0.0,0.0,0.0,Oligopeptide transport system permease protein OppC (TC 3.A.1.5.1),,,,,,,,
rxn05536_c0,group00020,3457.72791742,11.7556086349,68.7580025608,Oligopeptide transport ATP-binding protein OppD (TC 3.A.1.5.1),717.172266944,9.48617589003,41.6408668731,Dipeptide transport ATP-binding protein DppD (TC 3.A.1.5.2),,,,
rxn05536_c0,group00021,583.242971869,9.18795320748,39.052496799,Oligopeptide transport system permease protein OppC (TC 3.A.1.5.1),258.064423334,8.01158745551,29.8761609907,Oligopeptide transport system permease protein OppC (TC 3.A.1.5.1),4800.66839478,12.2290195702,87.3372781065,Oligopeptide transport system permease protein OppC (TC 3.A.1.5.1)
rxn05536_c0,group00508,0.0,0.0,0.0,Oligopeptide transport ATP-binding protein OppF (TC 3.A.1.5.1),0.0,0.0,0.0,Oligopeptide transport ATP-binding protein OppF (TC 3.A.1.5.1),,,,
rxn05536_c0,group00900,610.160647743,9.2530453262,39.9487836108,D-alanyl-D-alanine carboxypeptidase (EC 3.4.16.4),,,,,,,,
rxn05536_c0,group01044,0.0,0.0,0.0,"Oligopeptide ABC transporter, periplasmic oligopeptide-binding protein OppA (TC 3.A.1.5.1)",11441.0835267,13.4819360684,78.3281733746,"Oligopeptide ABC transporter, periplasmic oligopeptide-binding protein OppA (TC 3.A.1.5.1)",,,,
rxn05536_c0,group01124,41439.4895295,15.3387186109,94.23815621,hypothetical protein,108716.146947,16.7302067054,95.2012383901,"Oligopeptide ABC transporter, periplasmic oligopeptide-binding protein OppA (TC 3.A.1.5.1)",172203.920339,17.3937584615,99.5266272189,"Oligopeptide ABC transporter, periplasmic oligopeptide-binding protein OppA (TC 3.A.1.5.1)"
rxn05536_c0,group01173,0.0,0.0,0.0,"Oligopeptide ABC transporter, periplasmic oligopeptide-binding protein OppA (TC 3.A.1.5.1)",71663.1131505,16.1289430972,92.1052631579,"Oligopeptide ABC transporter, periplasmic oligopeptide-binding protein OppA (TC 3.A.1.5.1)",,,,
rxn05536_c0,group01225,27514.1342024,14.7478853111,92.3175416133,"Oligopeptide ABC transporter, periplasmic oligopeptide-binding protein OppA (TC 3.A.1.5.1)",26365.8785383,14.6863844492,83.746130031,"Oligopeptide ABC transporter, periplasmic oligopeptide-binding protein OppA (TC 3.A.1.5.1)",,,,
rxn05536_c0,group01852,,,,,0.0,0.0,0.0,"Oligopeptide ABC transporter, periplasmic oligopeptide-binding protein OppA (TC 3.A.1.5.1)",,,,
rxn05536_c0,group02257,,,,,1897.94393514,10.8902216607,55.7275541796,Oligopeptide transport ATP-binding protein OppD (TC 3.A.1.5.1),,,,
rxn05536_c0,group03065,0.0,0.0,0.0,Oligopeptide transport ATP-binding protein OppF (TC 3.A.1.5.1),,,,,,,,
rxn05536_c0,group03116,,,,,0.0,0.0,0.0,Oligopeptide transport system permease protein OppC (TC 3.A.1.5.1),,,,
rxn05536_c0,group03155,0.0,0.0,0.0,Oligopeptide transport system permease protein OppC (TC 3.A.1.5.1),,,,,,,,
rxn05537_c0,group00020,3457.72791742,11.7556086349,68.7580025608,Oligopeptide transport ATP-binding protein OppD (TC 3.A.1.5.1),717.172266944,9.48617589003,41.6408668731,Dipeptide transport ATP-binding protein DppD (TC 3.A.1.5.2),,,,
rxn05537_c0,group00021,583.242971869,9.18795320748,39.052496799,Oligopeptide transport system permease protein OppC (TC 3.A.1.5.1),258.064423334,8.01158745551,29.8761609907,Oligopeptide transport system permease protein OppC (TC 3.A.1.5.1),4800.66839478,12.2290195702,87.3372781065,Oligopeptide transport system permease protein OppC (TC 3.A.1.5.1)
rxn05537_c0,group00508,0.0,0.0,0.0,Oligopeptide transport ATP-binding protein OppF (TC 3.A.1.5.1),0.0,0.0,0.0,Oligopeptide transport ATP-binding protein OppF (TC 3.A.1.5.1),,,,
rxn05537_c0,group00900,610.160647743,9.2530453262,39.9487836108,D-alanyl-D-alanine carboxypeptidase (EC 3.4.16.4),,,,,,,,
rxn05537_c0,group01044,0.0,0.0,0.0,"Oligopeptide ABC transporter, periplasmic oligopeptide-binding protein OppA (TC 3.A.1.5.1)",11441.0835267,13.4819360684,78.3281733746,"Oligopeptide ABC transporter, periplasmic oligopeptide-binding protein OppA (TC 3.A.1.5.1)",,,,
rxn05537_c0,group01124,41439.4895295,15.3387186109,94.23815621,hypothetical protein,108716.146947,16.7302067054,95.2012383901,"Oligopeptide ABC transporter, periplasmic oligopeptide-binding protein OppA (TC 3.A.1.5.1)",172203.920339,17.3937584615,99.5266272189,"Oligopeptide ABC transporter, periplasmic oligopeptide-binding protein OppA (TC 3.A.1.5.1)"
rxn05537_c0,group01173,0.0,0.0,0.0,"Oligopeptide ABC transporter, periplasmic oligopeptide-binding protein OppA (TC 3.A.1.5.1)",71663.1131505,16.1289430972,92.1052631579,"Oligopeptide ABC transporter, periplasmic oligopeptide-binding protein OppA (TC 3.A.1.5.1)",,,,
rxn05537_c0,group01225,27514.1342024,14.7478853111,92.3175416133,"Oligopeptide ABC transporter, periplasmic oligopeptide-binding protein OppA (TC 3.A.1.5.1)",26365.8785383,14.6863844492,83.746130031,"Oligopeptide ABC transporter, periplasmic oligopeptide-binding protein OppA (TC 3.A.1.5.1)",,,,
rxn05537_c0,group01852,,,,,0.0,0.0,0.0,"Oligopeptide ABC transporter, periplasmic oligopeptide-binding protein OppA (TC 3.A.1.5.1)",,,,
rxn05537_c0,group02257,,,,,1897.94393514,10.8902216607,55.7275541796,Oligopeptide transport ATP-binding protein OppD (TC 3.A.1.5.1),,,,
rxn05537_c0,group03065,0.0,0.0,0.0,Oligopeptide transport ATP-binding protein OppF (TC 3.A.1.5.1),,,,,,,,
rxn05537_c0,group03116,,,,,0.0,0.0,0.0,Oligopeptide transport system permease protein OppC (TC 3.A.1.5.1),,,,
rxn05537_c0,group03155,0.0,0.0,0.0,Oligopeptide transport system permease protein OppC (TC 3.A.1.5.1),,,,,,,,
rxn05538_c0,group00020,3457.72791742,11.7556086349,68.7580025608,Oligopeptide transport ATP-binding protein OppD (TC 3.A.1.5.1),717.172266944,9.48617589003,41.6408668731,Dipeptide transport ATP-binding protein DppD (TC 3.A.1.5.2),,,,
rxn05538_c0,group00021,583.242971869,9.18795320748,39.052496799,Oligopeptide transport system permease protein OppC (TC 3.A.1.5.1),258.064423334,8.01158745551,29.8761609907,Oligopeptide transport system permease protein OppC (TC 3.A.1.5.1),4800.66839478,12.2290195702,87.3372781065,Oligopeptide transport system permease protein OppC (TC 3.A.1.5.1)
rxn05538_c0,group00508,0.0,0.0,0.0,Oligopeptide transport ATP-binding protein OppF (TC 3.A.1.5.1),0.0,0.0,0.0,Oligopeptide transport ATP-binding protein OppF (TC 3.A.1.5.1),,,,
rxn05538_c0,group00900,610.160647743,9.2530453262,39.9487836108,D-alanyl-D-alanine carboxypeptidase (EC 3.4.16.4),,,,,,,,
rxn05538_c0,group01044,0.0,0.0,0.0,"Oligopeptide ABC transporter, periplasmic oligopeptide-binding protein OppA (TC 3.A.1.5.1)",11441.0835267,13.4819360684,78.3281733746,"Oligopeptide ABC transporter, periplasmic oligopeptide-binding protein OppA (TC 3.A.1.5.1)",,,,
rxn05538_c0,group01124,41439.4895295,15.3387186109,94.23815621,hypothetical protein,108716.146947,16.7302067054,95.2012383901,"Oligopeptide ABC transporter, periplasmic oligopeptide-binding protein OppA (TC 3.A.1.5.1)",172203.920339,17.3937584615,99.5266272189,"Oligopeptide ABC transporter, periplasmic oligopeptide-binding protein OppA (TC 3.A.1.5.1)"
rxn05538_c0,group01173,0.0,0.0,0.0,"Oligopeptide ABC transporter, periplasmic oligopeptide-binding protein OppA (TC 3.A.1.5.1)",71663.1131505,16.1289430972,92.1052631579,"Oligopeptide ABC transporter, periplasmic oligopeptide-binding protein OppA (TC 3.A.1.5.1)",,,,
rxn05538_c0,group01225,27514.1342024,14.7478853111,92.3175416133,"Oligopeptide ABC transporter, periplasmic oligopeptide-binding protein OppA (TC 3.A.1.5.1)",26365.8785383,14.6863844492,83.746130031,"Oligopeptide ABC transporter, periplasmic oligopeptide-binding protein OppA (TC 3.A.1.5.1)",,,,
rxn05538_c0,group01852,,,,,0.0,0.0,0.0,"Oligopeptide ABC transporter, periplasmic oligopeptide-binding protein OppA (TC 3.A.1.5.1)",,,,
rxn05538_c0,group02257,,,,,1897.94393514,10.8902216607,55.7275541796,Oligopeptide transport ATP-binding protein OppD (TC 3.A.1.5.1),,,,
rxn05538_c0,group03065,0.0,0.0,0.0,Oligopeptide transport ATP-binding protein OppF (TC 3.A.1.5.1),,,,,,,,
rxn05538_c0,group03116,,,,,0.0,0.0,0.0,Oligopeptide transport system permease protein OppC (TC 3.A.1.5.1),,,,
rxn05538_c0,group03155,0.0,0.0,0.0,Oligopeptide transport system permease protein OppC (TC 3.A.1.5.1),,,,,,,,
rxn05539_c0,group00020,3457.72791742,11.7556086349,68.7580025608,Oligopeptide transport ATP-binding protein OppD (TC 3.A.1.5.1),717.172266944,9.48617589003,41.6408668731,Dipeptide transport ATP-binding protein DppD (TC 3.A.1.5.2),,,,
rxn05539_c0,group00021,583.242971869,9.18795320748,39.052496799,Oligopeptide transport system permease protein OppC (TC 3.A.1.5.1),258.064423334,8.01158745551,29.8761609907,Oligopeptide transport system permease protein OppC (TC 3.A.1.5.1),4800.66839478,12.2290195702,87.3372781065,Oligopeptide transport system permease protein OppC (TC 3.A.1.5.1)
rxn05539_c0,group00508,0.0,0.0,0.0,Oligopeptide transport ATP-binding protein OppF (TC 3.A.1.5.1),0.0,0.0,0.0,Oligopeptide transport ATP-binding protein OppF (TC 3.A.1.5.1),,,,
rxn05539_c0,group00900,610.160647743,9.2530453262,39.9487836108,D-alanyl-D-alanine carboxypeptidase (EC 3.4.16.4),,,,,,,,
rxn05539_c0,group01044,0.0,0.0,0.0,"Oligopeptide ABC transporter, periplasmic oligopeptide-binding protein OppA (TC 3.A.1.5.1)",11441.0835267,13.4819360684,78.3281733746,"Oligopeptide ABC transporter, periplasmic oligopeptide-binding protein OppA (TC 3.A.1.5.1)",,,,
rxn05539_c0,group01124,41439.4895295,15.3387186109,94.23815621,hypothetical protein,108716.146947,16.7302067054,95.2012383901,"Oligopeptide ABC transporter, periplasmic oligopeptide-binding protein OppA (TC 3.A.1.5.1)",172203.920339,17.3937584615,99.5266272189,"Oligopeptide ABC transporter, periplasmic oligopeptide-binding protein OppA (TC 3.A.1.5.1)"
rxn05539_c0,group01173,0.0,0.0,0.0,"Oligopeptide ABC transporter, periplasmic oligopeptide-binding protein OppA (TC 3.A.1.5.1)",71663.1131505,16.1289430972,92.1052631579,"Oligopeptide ABC transporter, periplasmic oligopeptide-binding protein OppA (TC 3.A.1.5.1)",,,,
rxn05539_c0,group01225,27514.1342024,14.7478853111,92.3175416133,"Oligopeptide ABC transporter, periplasmic oligopeptide-binding protein OppA (TC 3.A.1.5.1)",26365.8785383,14.6863844492,83.746130031,"Oligopeptide ABC transporter, periplasmic oligopeptide-binding protein OppA (TC 3.A.1.5.1)",,,,
rxn05539_c0,group01852,,,,,0.0,0.0,0.0,"Oligopeptide ABC transporter, periplasmic oligopeptide-binding protein OppA (TC 3.A.1.5.1)",,,,
rxn05539_c0,group02257,,,,,1897.94393514,10.8902216607,55.7275541796,Oligopeptide transport ATP-binding protein OppD (TC 3.A.1.5.1),,,,
rxn05539_c0,group03065,0.0,0.0,0.0,Oligopeptide transport ATP-binding protein OppF (TC 3.A.1.5.1),,,,,,,,
rxn05539_c0,group03116,,,,,0.0,0.0,0.0,Oligopeptide transport system permease protein OppC (TC 3.A.1.5.1),,,,
rxn05539_c0,group03155,0.0,0.0,0.0,Oligopeptide transport system permease protein OppC (TC 3.A.1.5.1),,,,,,,,
rxn05540_c0,group00020,3457.72791742,11.7556086349,68.7580025608,Oligopeptide transport ATP-binding protein OppD (TC 3.A.1.5.1),717.172266944,9.48617589003,41.6408668731,Dipeptide transport ATP-binding protein DppD (TC 3.A.1.5.2),,,,
rxn05540_c0,group00021,583.242971869,9.18795320748,39.052496799,Oligopeptide transport system permease protein OppC (TC 3.A.1.5.1),258.064423334,8.01158745551,29.8761609907,Oligopeptide transport system permease protein OppC (TC 3.A.1.5.1),4800.66839478,12.2290195702,87.3372781065,Oligopeptide transport system permease protein OppC (TC 3.A.1.5.1)
rxn05540_c0,group00508,0.0,0.0,0.0,Oligopeptide transport ATP-binding protein OppF (TC 3.A.1.5.1),0.0,0.0,0.0,Oligopeptide transport ATP-binding protein OppF (TC 3.A.1.5.1),,,,
rxn05540_c0,group00900,610.160647743,9.2530453262,39.9487836108,D-alanyl-D-alanine carboxypeptidase (EC 3.4.16.4),,,,,,,,
rxn05540_c0,group01044,0.0,0.0,0.0,"Oligopeptide ABC transporter, periplasmic oligopeptide-binding protein OppA (TC 3.A.1.5.1)",11441.0835267,13.4819360684,78.3281733746,"Oligopeptide ABC transporter, periplasmic oligopeptide-binding protein OppA (TC 3.A.1.5.1)",,,,
rxn05540_c0,group01124,41439.4895295,15.3387186109,94.23815621,hypothetical protein,108716.146947,16.7302067054,95.2012383901,"Oligopeptide ABC transporter, periplasmic oligopeptide-binding protein OppA (TC 3.A.1.5.1)",172203.920339,17.3937584615,99.5266272189,"Oligopeptide ABC transporter, periplasmic oligopeptide-binding protein OppA (TC 3.A.1.5.1)"
rxn05540_c0,group01173,0.0,0.0,0.0,"Oligopeptide ABC transporter, periplasmic oligopeptide-binding protein OppA (TC 3.A.1.5.1)",71663.1131505,16.1289430972,92.1052631579,"Oligopeptide ABC transporter, periplasmic oligopeptide-binding protein OppA (TC 3.A.1.5.1)",,,,
rxn05540_c0,group01225,27514.1342024,14.7478853111,92.3175416133,"Oligopeptide ABC transporter, periplasmic oligopeptide-binding protein OppA (TC 3.A.1.5.1)",26365.8785383,14.6863844492,83.746130031,"Oligopeptide ABC transporter, periplasmic oligopeptide-binding protein OppA (TC 3.A.1.5.1)",,,,
rxn05540_c0,group01852,,,,,0.0,0.0,0.0,"Oligopeptide ABC transporter, periplasmic oligopeptide-binding protein OppA (TC 3.A.1.5.1)",,,,
rxn05540_c0,group02257,,,,,1897.94393514,10.8902216607,55.7275541796,Oligopeptide transport ATP-binding protein OppD (TC 3.A.1.5.1),,,,
rxn05540_c0,group03065,0.0,0.0,0.0,Oligopeptide transport ATP-binding protein OppF (TC 3.A.1.5.1),,,,,,,,
rxn05540_c0,group03116,,,,,0.0,0.0,0.0,Oligopeptide transport system permease protein OppC (TC 3.A.1.5.1),,,,
rxn05540_c0,group03155,0.0,0.0,0.0,Oligopeptide transport system permease protein OppC (TC 3.A.1.5.1),,,,,,,,
rxn05541_c0,group00020,3457.72791742,11.7556086349,68.7580025608,Oligopeptide transport ATP-binding protein OppD (TC 3.A.1.5.1),717.172266944,9.48617589003,41.6408668731,Dipeptide transport ATP-binding protein DppD (TC 3.A.1.5.2),,,,
rxn05541_c0,group00021,583.242971869,9.18795320748,39.052496799,Oligopeptide transport system permease protein OppC (TC 3.A.1.5.1),258.064423334,8.01158745551,29.8761609907,Oligopeptide transport system permease protein OppC (TC 3.A.1.5.1),4800.66839478,12.2290195702,87.3372781065,Oligopeptide transport system permease protein OppC (TC 3.A.1.5.1)
rxn05541_c0,group00508,0.0,0.0,0.0,Oligopeptide transport ATP-binding protein OppF (TC 3.A.1.5.1),0.0,0.0,0.0,Oligopeptide transport ATP-binding protein OppF (TC 3.A.1.5.1),,,,
rxn05541_c0,group00900,610.160647743,9.2530453262,39.9487836108,D-alanyl-D-alanine carboxypeptidase (EC 3.4.16.4),,,,,,,,
rxn05541_c0,group01044,0.0,0.0,0.0,"Oligopeptide ABC transporter, periplasmic oligopeptide-binding protein OppA (TC 3.A.1.5.1)",11441.0835267,13.4819360684,78.3281733746,"Oligopeptide ABC transporter, periplasmic oligopeptide-binding protein OppA (TC 3.A.1.5.1)",,,,
rxn05541_c0,group01124,41439.4895295,15.3387186109,94.23815621,hypothetical protein,108716.146947,16.7302067054,95.2012383901,"Oligopeptide ABC transporter, periplasmic oligopeptide-binding protein OppA (TC 3.A.1.5.1)",172203.920339,17.3937584615,99.5266272189,"Oligopeptide ABC transporter, periplasmic oligopeptide-binding protein OppA (TC 3.A.1.5.1)"
rxn05541_c0,group01173,0.0,0.0,0.0,"Oligopeptide ABC transporter, periplasmic oligopeptide-binding protein OppA (TC 3.A.1.5.1)",71663.1131505,16.1289430972,92.1052631579,"Oligopeptide ABC transporter, periplasmic oligopeptide-binding protein OppA (TC 3.A.1.5.1)",,,,
rxn05541_c0,group01225,27514.1342024,14.7478853111,92.3175416133,"Oligopeptide ABC transporter, periplasmic oligopeptide-binding protein OppA (TC 3.A.1.5.1)",26365.8785383,14.6863844492,83.746130031,"Oligopeptide ABC transporter, periplasmic oligopeptide-binding protein OppA (TC 3.A.1.5.1)",,,,
rxn05541_c0,group01852,,,,,0.0,0.0,0.0,"Oligopeptide ABC transporter, periplasmic oligopeptide-binding protein OppA (TC 3.A.1.5.1)",,,,
rxn05541_c0,group02257,,,,,1897.94393514,10.8902216607,55.7275541796,Oligopeptide transport ATP-binding protein OppD (TC 3.A.1.5.1),,,,
rxn05541_c0,group03065,0.0,0.0,0.0,Oligopeptide transport ATP-binding protein OppF (TC 3.A.1.5.1),,,,,,,,
rxn05541_c0,group03116,,,,,0.0,0.0,0.0,Oligopeptide transport system permease protein OppC (TC 3.A.1.5.1),,,,
rxn05541_c0,group03155,0.0,0.0,0.0,Oligopeptide transport system permease protein OppC (TC 3.A.1.5.1),,,,,,,,
rxn05542_c0,group00020,3457.72791742,11.7556086349,68.7580025608,Oligopeptide transport ATP-binding protein OppD (TC 3.A.1.5.1),717.172266944,9.48617589003,41.6408668731,Dipeptide transport ATP-binding protein DppD (TC 3.A.1.5.2),,,,
rxn05542_c0,group00021,583.242971869,9.18795320748,39.052496799,Oligopeptide transport system permease protein OppC (TC 3.A.1.5.1),258.064423334,8.01158745551,29.8761609907,Oligopeptide transport system permease protein OppC (TC 3.A.1.5.1),4800.66839478,12.2290195702,87.3372781065,Oligopeptide transport system permease protein OppC (TC 3.A.1.5.1)
rxn05542_c0,group00508,0.0,0.0,0.0,Oligopeptide transport ATP-binding protein OppF (TC 3.A.1.5.1),0.0,0.0,0.0,Oligopeptide transport ATP-binding protein OppF (TC 3.A.1.5.1),,,,
rxn05542_c0,group00900,610.160647743,9.2530453262,39.9487836108,D-alanyl-D-alanine carboxypeptidase (EC 3.4.16.4),,,,,,,,
rxn05542_c0,group01044,0.0,0.0,0.0,"Oligopeptide ABC transporter, periplasmic oligopeptide-binding protein OppA (TC 3.A.1.5.1)",11441.0835267,13.4819360684,78.3281733746,"Oligopeptide ABC transporter, periplasmic oligopeptide-binding protein OppA (TC 3.A.1.5.1)",,,,
rxn05542_c0,group01124,41439.4895295,15.3387186109,94.23815621,hypothetical protein,108716.146947,16.7302067054,95.2012383901,"Oligopeptide ABC transporter, periplasmic oligopeptide-binding protein OppA (TC 3.A.1.5.1)",172203.920339,17.3937584615,99.5266272189,"Oligopeptide ABC transporter, periplasmic oligopeptide-binding protein OppA (TC 3.A.1.5.1)"
rxn05542_c0,group01173,0.0,0.0,0.0,"Oligopeptide ABC transporter, periplasmic oligopeptide-binding protein OppA (TC 3.A.1.5.1)",71663.1131505,16.1289430972,92.1052631579,"Oligopeptide ABC transporter, periplasmic oligopeptide-binding protein OppA (TC 3.A.1.5.1)",,,,
rxn05542_c0,group01225,27514.1342024,14.7478853111,92.3175416133,"Oligopeptide ABC transporter, periplasmic oligopeptide-binding protein OppA (TC 3.A.1.5.1)",26365.8785383,14.6863844492,83.746130031,"Oligopeptide ABC transporter, periplasmic oligopeptide-binding protein OppA (TC 3.A.1.5.1)",,,,
rxn05542_c0,group01852,,,,,0.0,0.0,0.0,"Oligopeptide ABC transporter, periplasmic oligopeptide-binding protein OppA (TC 3.A.1.5.1)",,,,
rxn05542_c0,group02257,,,,,1897.94393514,10.8902216607,55.7275541796,Oligopeptide transport ATP-binding protein OppD (TC 3.A.1.5.1),,,,
rxn05542_c0,group03065,0.0,0.0,0.0,Oligopeptide transport ATP-binding protein OppF (TC 3.A.1.5.1),,,,,,,,
rxn05542_c0,group03116,,,,,0.0,0.0,0.0,Oligopeptide transport system permease protein OppC (TC 3.A.1.5.1),,,,
rxn05542_c0,group03155,0.0,0.0,0.0,Oligopeptide transport system permease protein OppC (TC 3.A.1.5.1),,,,,,,,
rxn05543_c0,group00020,3457.72791742,11.7556086349,68.7580025608,Oligopeptide transport ATP-binding protein OppD (TC 3.A.1.5.1),717.172266944,9.48617589003,41.6408668731,Dipeptide transport ATP-binding protein DppD (TC 3.A.1.5.2),,,,
rxn05543_c0,group00021,583.242971869,9.18795320748,39.052496799,Oligopeptide transport system permease protein OppC (TC 3.A.1.5.1),258.064423334,8.01158745551,29.8761609907,Oligopeptide transport system permease protein OppC (TC 3.A.1.5.1),4800.66839478,12.2290195702,87.3372781065,Oligopeptide transport system permease protein OppC (TC 3.A.1.5.1)
rxn05543_c0,group00508,0.0,0.0,0.0,Oligopeptide transport ATP-binding protein OppF (TC 3.A.1.5.1),0.0,0.0,0.0,Oligopeptide transport ATP-binding protein OppF (TC 3.A.1.5.1),,,,
rxn05543_c0,group00900,610.160647743,9.2530453262,39.9487836108,D-alanyl-D-alanine carboxypeptidase (EC 3.4.16.4),,,,,,,,
rxn05543_c0,group01044,0.0,0.0,0.0,"Oligopeptide ABC transporter, periplasmic oligopeptide-binding protein OppA (TC 3.A.1.5.1)",11441.0835267,13.4819360684,78.3281733746,"Oligopeptide ABC transporter, periplasmic oligopeptide-binding protein OppA (TC 3.A.1.5.1)",,,,
rxn05543_c0,group01124,41439.4895295,15.3387186109,94.23815621,hypothetical protein,108716.146947,16.7302067054,95.2012383901,"Oligopeptide ABC transporter, periplasmic oligopeptide-binding protein OppA (TC 3.A.1.5.1)",172203.920339,17.3937584615,99.5266272189,"Oligopeptide ABC transporter, periplasmic oligopeptide-binding protein OppA (TC 3.A.1.5.1)"
rxn05543_c0,group01173,0.0,0.0,0.0,"Oligopeptide ABC transporter, periplasmic oligopeptide-binding protein OppA (TC 3.A.1.5.1)",71663.1131505,16.1289430972,92.1052631579,"Oligopeptide ABC transporter, periplasmic oligopeptide-binding protein OppA (TC 3.A.1.5.1)",,,,
rxn05543_c0,group01225,27514.1342024,14.7478853111,92.3175416133,"Oligopeptide ABC transporter, periplasmic oligopeptide-binding protein OppA (TC 3.A.1.5.1)",26365.8785383,14.6863844492,83.746130031,"Oligopeptide ABC transporter, periplasmic oligopeptide-binding protein OppA (TC 3.A.1.5.1)",,,,
rxn05543_c0,group01852,,,,,0.0,0.0,0.0,"Oligopeptide ABC transporter, periplasmic oligopeptide-binding protein OppA (TC 3.A.1.5.1)",,,,
rxn05543_c0,group02257,,,,,1897.94393514,10.8902216607,55.7275541796,Oligopeptide transport ATP-binding protein OppD (TC 3.A.1.5.1),,,,
rxn05543_c0,group03065,0.0,0.0,0.0,Oligopeptide transport ATP-binding protein OppF (TC 3.A.1.5.1),,,,,,,,
rxn05543_c0,group03116,,,,,0.0,0.0,0.0,Oligopeptide transport system permease protein OppC (TC 3.A.1.5.1),,,,
rxn05543_c0,group03155,0.0,0.0,0.0,Oligopeptide transport system permease protein OppC (TC 3.A.1.5.1),,,,,,,,
rxn05544_c0,group00020,3457.72791742,11.7556086349,68.7580025608,Oligopeptide transport ATP-binding protein OppD (TC 3.A.1.5.1),717.172266944,9.48617589003,41.6408668731,Dipeptide transport ATP-binding protein DppD (TC 3.A.1.5.2),,,,
rxn05544_c0,group00021,583.242971869,9.18795320748,39.052496799,Oligopeptide transport system permease protein OppC (TC 3.A.1.5.1),258.064423334,8.01158745551,29.8761609907,Oligopeptide transport system permease protein OppC (TC 3.A.1.5.1),4800.66839478,12.2290195702,87.3372781065,Oligopeptide transport system permease protein OppC (TC 3.A.1.5.1)
rxn05544_c0,group00508,0.0,0.0,0.0,Oligopeptide transport ATP-binding protein OppF (TC 3.A.1.5.1),0.0,0.0,0.0,Oligopeptide transport ATP-binding protein OppF (TC 3.A.1.5.1),,,,
rxn05544_c0,group00900,610.160647743,9.2530453262,39.9487836108,D-alanyl-D-alanine carboxypeptidase (EC 3.4.16.4),,,,,,,,
rxn05544_c0,group01044,0.0,0.0,0.0,"Oligopeptide ABC transporter, periplasmic oligopeptide-binding protein OppA (TC 3.A.1.5.1)",11441.0835267,13.4819360684,78.3281733746,"Oligopeptide ABC transporter, periplasmic oligopeptide-binding protein OppA (TC 3.A.1.5.1)",,,,
rxn05544_c0,group01124,41439.4895295,15.3387186109,94.23815621,hypothetical protein,108716.146947,16.7302067054,95.2012383901,"Oligopeptide ABC transporter, periplasmic oligopeptide-binding protein OppA (TC 3.A.1.5.1)",172203.920339,17.3937584615,99.5266272189,"Oligopeptide ABC transporter, periplasmic oligopeptide-binding protein OppA (TC 3.A.1.5.1)"
rxn05544_c0,group01173,0.0,0.0,0.0,"Oligopeptide ABC transporter, periplasmic oligopeptide-binding protein OppA (TC 3.A.1.5.1)",71663.1131505,16.1289430972,92.1052631579,"Oligopeptide ABC transporter, periplasmic oligopeptide-binding protein OppA (TC 3.A.1.5.1)",,,,
rxn05544_c0,group01225,27514.1342024,14.7478853111,92.3175416133,"Oligopeptide ABC transporter, periplasmic oligopeptide-binding protein OppA (TC 3.A.1.5.1)",26365.8785383,14.6863844492,83.746130031,"Oligopeptide ABC transporter, periplasmic oligopeptide-binding protein OppA (TC 3.A.1.5.1)",,,,
rxn05544_c0,group01852,,,,,0.0,0.0,0.0,"Oligopeptide ABC transporter, periplasmic oligopeptide-binding protein OppA (TC 3.A.1.5.1)",,,,
rxn05544_c0,group02257,,,,,1897.94393514,10.8902216607,55.7275541796,Oligopeptide transport ATP-binding protein OppD (TC 3.A.1.5.1),,,,
rxn05544_c0,group03065,0.0,0.0,0.0,Oligopeptide transport ATP-binding protein OppF (TC 3.A.1.5.1),,,,,,,,
rxn05544_c0,group03116,,,,,0.0,0.0,0.0,Oligopeptide transport system permease protein OppC (TC 3.A.1.5.1),,,,
rxn05544_c0,group03155,0.0,0.0,0.0,Oligopeptide transport system permease protein OppC (TC 3.A.1.5.1),,,,,,,,
rxn05545_c0,group00020,3457.72791742,11.7556086349,68.7580025608,Oligopeptide transport ATP-binding protein OppD (TC 3.A.1.5.1),717.172266944,9.48617589003,41.6408668731,Dipeptide transport ATP-binding protein DppD (TC 3.A.1.5.2),,,,
rxn05545_c0,group00021,583.242971869,9.18795320748,39.052496799,Oligopeptide transport system permease protein OppC (TC 3.A.1.5.1),258.064423334,8.01158745551,29.8761609907,Oligopeptide transport system permease protein OppC (TC 3.A.1.5.1),4800.66839478,12.2290195702,87.3372781065,Oligopeptide transport system permease protein OppC (TC 3.A.1.5.1)
rxn05545_c0,group00508,0.0,0.0,0.0,Oligopeptide transport ATP-binding protein OppF (TC 3.A.1.5.1),0.0,0.0,0.0,Oligopeptide transport ATP-binding protein OppF (TC 3.A.1.5.1),,,,
rxn05545_c0,group00900,610.160647743,9.2530453262,39.9487836108,D-alanyl-D-alanine carboxypeptidase (EC 3.4.16.4),,,,,,,,
rxn05545_c0,group01044,0.0,0.0,0.0,"Oligopeptide ABC transporter, periplasmic oligopeptide-binding protein OppA (TC 3.A.1.5.1)",11441.0835267,13.4819360684,78.3281733746,"Oligopeptide ABC transporter, periplasmic oligopeptide-binding protein OppA (TC 3.A.1.5.1)",,,,
rxn05545_c0,group01124,41439.4895295,15.3387186109,94.23815621,hypothetical protein,108716.146947,16.7302067054,95.2012383901,"Oligopeptide ABC transporter, periplasmic oligopeptide-binding protein OppA (TC 3.A.1.5.1)",172203.920339,17.3937584615,99.5266272189,"Oligopeptide ABC transporter, periplasmic oligopeptide-binding protein OppA (TC 3.A.1.5.1)"
rxn05545_c0,group01173,0.0,0.0,0.0,"Oligopeptide ABC transporter, periplasmic oligopeptide-binding protein OppA (TC 3.A.1.5.1)",71663.1131505,16.1289430972,92.1052631579,"Oligopeptide ABC transporter, periplasmic oligopeptide-binding protein OppA (TC 3.A.1.5.1)",,,,
rxn05545_c0,group01225,27514.1342024,14.7478853111,92.3175416133,"Oligopeptide ABC transporter, periplasmic oligopeptide-binding protein OppA (TC 3.A.1.5.1)",26365.8785383,14.6863844492,83.746130031,"Oligopeptide ABC transporter, periplasmic oligopeptide-binding protein OppA (TC 3.A.1.5.1)",,,,
rxn05545_c0,group01852,,,,,0.0,0.0,0.0,"Oligopeptide ABC transporter, periplasmic oligopeptide-binding protein OppA (TC 3.A.1.5.1)",,,,
rxn05545_c0,group02257,,,,,1897.94393514,10.8902216607,55.7275541796,Oligopeptide transport ATP-binding protein OppD (TC 3.A.1.5.1),,,,
rxn05545_c0,group03065,0.0,0.0,0.0,Oligopeptide transport ATP-binding protein OppF (TC 3.A.1.5.1),,,,,,,,
rxn05545_c0,group03116,,,,,0.0,0.0,0.0,Oligopeptide transport system permease protein OppC (TC 3.A.1.5.1),,,,
rxn05545_c0,group03155,0.0,0.0,0.0,Oligopeptide transport system permease protein OppC (TC 3.A.1.5.1),,,,,,,,
rxn05546_c0,group00020,3457.72791742,11.7556086349,68.7580025608,Oligopeptide transport ATP-binding protein OppD (TC 3.A.1.5.1),717.172266944,9.48617589003,41.6408668731,Dipeptide transport ATP-binding protein DppD (TC 3.A.1.5.2),,,,
rxn05546_c0,group00021,583.242971869,9.18795320748,39.052496799,Oligopeptide transport system permease protein OppC (TC 3.A.1.5.1),258.064423334,8.01158745551,29.8761609907,Oligopeptide transport system permease protein OppC (TC 3.A.1.5.1),4800.66839478,12.2290195702,87.3372781065,Oligopeptide transport system permease protein OppC (TC 3.A.1.5.1)
rxn05546_c0,group00508,0.0,0.0,0.0,Oligopeptide transport ATP-binding protein OppF (TC 3.A.1.5.1),0.0,0.0,0.0,Oligopeptide transport ATP-binding protein OppF (TC 3.A.1.5.1),,,,
rxn05546_c0,group00900,610.160647743,9.2530453262,39.9487836108,D-alanyl-D-alanine carboxypeptidase (EC 3.4.16.4),,,,,,,,
rxn05546_c0,group01044,0.0,0.0,0.0,"Oligopeptide ABC transporter, periplasmic oligopeptide-binding protein OppA (TC 3.A.1.5.1)",11441.0835267,13.4819360684,78.3281733746,"Oligopeptide ABC transporter, periplasmic oligopeptide-binding protein OppA (TC 3.A.1.5.1)",,,,
rxn05546_c0,group01124,41439.4895295,15.3387186109,94.23815621,hypothetical protein,108716.146947,16.7302067054,95.2012383901,"Oligopeptide ABC transporter, periplasmic oligopeptide-binding protein OppA (TC 3.A.1.5.1)",172203.920339,17.3937584615,99.5266272189,"Oligopeptide ABC transporter, periplasmic oligopeptide-binding protein OppA (TC 3.A.1.5.1)"
rxn05546_c0,group01173,0.0,0.0,0.0,"Oligopeptide ABC transporter, periplasmic oligopeptide-binding protein OppA (TC 3.A.1.5.1)",71663.1131505,16.1289430972,92.1052631579,"Oligopeptide ABC transporter, periplasmic oligopeptide-binding protein OppA (TC 3.A.1.5.1)",,,,
rxn05546_c0,group01225,27514.1342024,14.7478853111,92.3175416133,"Oligopeptide ABC transporter, periplasmic oligopeptide-binding protein OppA (TC 3.A.1.5.1)",26365.8785383,14.6863844492,83.746130031,"Oligopeptide ABC transporter, periplasmic oligopeptide-binding protein OppA (TC 3.A.1.5.1)",,,,
rxn05546_c0,group01852,,,,,0.0,0.0,0.0,"Oligopeptide ABC transporter, periplasmic oligopeptide-binding protein OppA (TC 3.A.1.5.1)",,,,
rxn05546_c0,group02257,,,,,1897.94393514,10.8902216607,55.7275541796,Oligopeptide transport ATP-binding protein OppD (TC 3.A.1.5.1),,,,
rxn05546_c0,group03065,0.0,0.0,0.0,Oligopeptide transport ATP-binding protein OppF (TC 3.A.1.5.1),,,,,,,,
rxn05546_c0,group03116,,,,,0.0,0.0,0.0,Oligopeptide transport system permease protein OppC (TC 3.A.1.5.1),,,,
rxn05546_c0,group03155,0.0,0.0,0.0,Oligopeptide transport system permease protein OppC (TC 3.A.1.5.1),,,,,,,,
rxn05547_c0,group00020,3457.72791742,11.7556086349,68.7580025608,Oligopeptide transport ATP-binding protein OppD (TC 3.A.1.5.1),717.172266944,9.48617589003,41.6408668731,Dipeptide transport ATP-binding protein DppD (TC 3.A.1.5.2),,,,
rxn05547_c0,group00021,583.242971869,9.18795320748,39.052496799,Oligopeptide transport system permease protein OppC (TC 3.A.1.5.1),258.064423334,8.01158745551,29.8761609907,Oligopeptide transport system permease protein OppC (TC 3.A.1.5.1),4800.66839478,12.2290195702,87.3372781065,Oligopeptide transport system permease protein OppC (TC 3.A.1.5.1)
rxn05547_c0,group00508,0.0,0.0,0.0,Oligopeptide transport ATP-binding protein OppF (TC 3.A.1.5.1),0.0,0.0,0.0,Oligopeptide transport ATP-binding protein OppF (TC 3.A.1.5.1),,,,
rxn05547_c0,group00900,610.160647743,9.2530453262,39.9487836108,D-alanyl-D-alanine carboxypeptidase (EC 3.4.16.4),,,,,,,,
rxn05547_c0,group01044,0.0,0.0,0.0,"Oligopeptide ABC transporter, periplasmic oligopeptide-binding protein OppA (TC 3.A.1.5.1)",11441.0835267,13.4819360684,78.3281733746,"Oligopeptide ABC transporter, periplasmic oligopeptide-binding protein OppA (TC 3.A.1.5.1)",,,,
rxn05547_c0,group01124,41439.4895295,15.3387186109,94.23815621,hypothetical protein,108716.146947,16.7302067054,95.2012383901,"Oligopeptide ABC transporter, periplasmic oligopeptide-binding protein OppA (TC 3.A.1.5.1)",172203.920339,17.3937584615,99.5266272189,"Oligopeptide ABC transporter, periplasmic oligopeptide-binding protein OppA (TC 3.A.1.5.1)"
rxn05547_c0,group01173,0.0,0.0,0.0,"Oligopeptide ABC transporter, periplasmic oligopeptide-binding protein OppA (TC 3.A.1.5.1)",71663.1131505,16.1289430972,92.1052631579,"Oligopeptide ABC transporter, periplasmic oligopeptide-binding protein OppA (TC 3.A.1.5.1)",,,,
rxn05547_c0,group01225,27514.1342024,14.7478853111,92.3175416133,"Oligopeptide ABC transporter, periplasmic oligopeptide-binding protein OppA (TC 3.A.1.5.1)",26365.8785383,14.6863844492,83.746130031,"Oligopeptide ABC transporter, periplasmic oligopeptide-binding protein OppA (TC 3.A.1.5.1)",,,,
rxn05547_c0,group01852,,,,,0.0,0.0,0.0,"Oligopeptide ABC transporter, periplasmic oligopeptide-binding protein OppA (TC 3.A.1.5.1)",,,,
rxn05547_c0,group02257,,,,,1897.94393514,10.8902216607,55.7275541796,Oligopeptide transport ATP-binding protein OppD (TC 3.A.1.5.1),,,,
rxn05547_c0,group03065,0.0,0.0,0.0,Oligopeptide transport ATP-binding protein OppF (TC 3.A.1.5.1),,,,,,,,
rxn05547_c0,group03116,,,,,0.0,0.0,0.0,Oligopeptide transport system permease protein OppC (TC 3.A.1.5.1),,,,
rxn05547_c0,group03155,0.0,0.0,0.0,Oligopeptide transport system permease protein OppC (TC 3.A.1.5.1),,,,,,,,
rxn05549_c0,group00010,3404.51932431,11.7332354067,68.2458386684,"Ribose ABC transport system, ATP-binding protein RbsA (TC 3.A.1.2.1)",2384.55876522,11.2195066217,60.2167182663,sugar ABC transporter ATP-binding protein,,,,
rxn05549_c0,group00434,18881.9435674,14.2047196522,88.8604353393,D-xylose transport ATP-binding protein XylG,6779.12182041,12.7268826808,75.0773993808,D-xylose transport ATP-binding protein XylG,,,,
rxn05549_c0,group00541,5107.97931342,12.318536967,74.2637644046,"Nucleoside ABC transporter, permease protein 1",,,,,,,,
rxn05549_c0,group00787,13961.95524,13.7692133711,86.9398207426,"Ribose ABC transport system, permease protein RbsC (TC 3.A.1.2.1)",4306.39307674,12.0722642958,70.2786377709,"Ribose ABC transport system, permease protein RbsC (TC 3.A.1.2.1)",,,,
rxn05549_c0,group01208,1236.52214173,10.2720723582,50.9603072983,"Xylose ABC transporter, permease protein XylH",,,,,,,,
rxn05549_c0,group01485,0.0,0.0,0.0,None Provided,,,,,,,,
rxn05549_c0,group01496,4579.28157341,12.1609055616,72.8553137004,"Ribose ABC transport system, permease protein RbsC (TC 3.A.1.2.1)",0.0,0.0,0.0,"Ribose ABC transport system, permease protein RbsC (TC 3.A.1.2.1)",,,,
rxn05549_c0,group01803,0.0,0.0,0.0,Inositol transport system permease protein,,,,,,,,
rxn05549_c0,group02095,4220.89964629,12.0433348137,71.7029449424,"Ribose ABC transport system, permease protein RbsC (TC 3.A.1.2.1)",,,,,,,,
rxn05549_c0,group02405,,,,,0.0,0.0,0.0,"Ribose ABC transport system, permease protein RbsC (TC 3.A.1.2.1)",,,,
rxn05578_c0,group02543,,,,,0.0,0.0,0.0,Glycerol-3-phosphate transporter,,,,
rxn05581_c0,group00727,333.726048517,8.38252048822,28.8092189501,Aquaporin Z,,,,,,,,
rxn05596_c0,group00456,0.0,0.0,0.0,Trk system potassium uptake protein TrkA,6122.31752315,12.5798621543,74.1486068111,Trk system potassium uptake protein TrkA,3223.87525918,11.6545802077,84.0236686391,Trk system potassium uptake protein TrkA
rxn05596_c0,group00476,0.0,0.0,0.0,Trk system potassium uptake protein TrkA,1151.04695987,10.1687309777,48.4520123839,Trk system potassium uptake protein TrkA,6853.20724956,12.7425636012,89.5857988166,Trk system potassium uptake protein TrkA
rxn05608_c0,group00654,8800.39815206,13.103353081,81.562099872,"Glycerol-3-phosphate ABC transporter, ATP-binding protein UgpC (TC 3.A.1.1.3)",,,,,,,,
rxn05608_c0,group00795,502.918487202,8.9741807774,35.595390525,hypothetical protein,,,,,,,,
rxn05608_c0,group01205,,,,,69.0154558301,6.10884758073,3.86996904025,None Provided,,,,
rxn05608_c0,group01299,19461.7286832,14.2483522424,89.3725992318,"Maltose/maltodextrin ABC transporter, substrate binding periplasmic protein MalE",180475.14539,17.4614406407,97.0588235294,"Maltose/maltodextrin ABC transporter, substrate binding periplasmic protein MalE",,,,
rxn05608_c0,group01320,0.0,0.0,0.0,"Maltose/maltodextrin ABC transporter, permease protein MalG",1822.65424038,10.8318251911,54.7987616099,"Maltose/maltodextrin ABC transporter, permease protein MalG",146.013229412,7.18995527903,11.5976331361,"Maltose/maltodextrin ABC transporter, permease protein MalG"
rxn05608_c0,group01387,442.280601875,8.78881815778,33.9308578745,"Maltose/maltodextrin ABC transporter, permease protein MalF",878.423421726,9.77877271174,44.2724458204,"Maltose/maltodextrin ABC transporter, permease protein MalF",0.0,0.0,0.0,"Maltose/maltodextrin ABC transporter, permease protein MalF"
rxn05608_c0,group01543,,,,,0.0,0.0,0.0,hypothetical protein,,,,
rxn05608_c0,group01747,,,,,0.0,0.0,0.0,"Maltose/maltodextrin ABC transporter, substrate binding periplasmic protein MalE",,,,
rxn05608_c0,group02058,30927.2526222,14.9165910589,92.5736235595,"N-Acetyl-D-glucosamine ABC transport system, sugar-binding protein",,,,,,,,
rxn05608_c0,group02355,,,,,,,,,0.0,0.0,0.0,"Maltose/maltodextrin ABC transporter, substrate binding periplasmic protein MalE"
rxn05616_c0,group01315,0.0,0.0,0.0,Magnesium and cobalt transport protein CorA,0.0,0.0,0.0,Magnesium and cobalt transport protein CorA,0.0,0.0,0.0,Magnesium and cobalt transport protein CorA
rxn05618_c0,group01112,0.0,0.0,0.0,Manganese transport protein MntH,0.0,0.0,0.0,Manganese transport protein MntH,,,,
rxn05625_c0,group02482,0.0,0.0,0.0,Nitrate/nitrite transporter,0.0,0.0,0.0,Nitrate/nitrite transporter,,,,
rxn05627_c0,group02482,0.0,0.0,0.0,Nitrate/nitrite transporter,0.0,0.0,0.0,Nitrate/nitrite transporter,,,,
rxn05644_c0,group00010,3404.51932431,11.7332354067,68.2458386684,"Ribose ABC transport system, ATP-binding protein RbsA (TC 3.A.1.2.1)",2384.55876522,11.2195066217,60.2167182663,sugar ABC transporter ATP-binding protein,,,,
rxn05644_c0,group00434,18881.9435674,14.2047196522,88.8604353393,D-xylose transport ATP-binding protein XylG,6779.12182041,12.7268826808,75.0773993808,D-xylose transport ATP-binding protein XylG,,,,
rxn05644_c0,group00541,5107.97931342,12.318536967,74.2637644046,"Nucleoside ABC transporter, permease protein 1",,,,,,,,
rxn05644_c0,group00787,13961.95524,13.7692133711,86.9398207426,"Ribose ABC transport system, permease protein RbsC (TC 3.A.1.2.1)",4306.39307674,12.0722642958,70.2786377709,"Ribose ABC transport system, permease protein RbsC (TC 3.A.1.2.1)",,,,
rxn05644_c0,group01208,1236.52214173,10.2720723582,50.9603072983,"Xylose ABC transporter, permease protein XylH",,,,,,,,
rxn05644_c0,group01485,0.0,0.0,0.0,None Provided,,,,,,,,
rxn05644_c0,group01496,4579.28157341,12.1609055616,72.8553137004,"Ribose ABC transport system, permease protein RbsC (TC 3.A.1.2.1)",0.0,0.0,0.0,"Ribose ABC transport system, permease protein RbsC (TC 3.A.1.2.1)",,,,
rxn05644_c0,group01803,0.0,0.0,0.0,Inositol transport system permease protein,,,,,,,,
rxn05644_c0,group02095,4220.89964629,12.0433348137,71.7029449424,"Ribose ABC transport system, permease protein RbsC (TC 3.A.1.2.1)",,,,,,,,
rxn05644_c0,group02405,,,,,0.0,0.0,0.0,"Ribose ABC transport system, permease protein RbsC (TC 3.A.1.2.1)",,,,
rxn05651_c0,group01165,,,,,417.630687654,8.70608391533,35.6037151703,hypothetical protein,,,,
rxn05651_c0,group01249,0.0,0.0,0.0,Sulfate permease,0.0,0.0,0.0,Sulfate permease,,,,
rxn05651_c0,group03051,0.0,0.0,0.0,Sulfate permease,,,,,,,,
rxn05682_c0,group00712,72.2093060366,6.17411287255,0.768245838668,Cytosine/purine/uracil/thiamine/allantoin permease family protein,0.0,0.0,0.0,Cytosine/purine/uracil/thiamine/allantoin permease family protein,,,,
rxn05682_c0,group01459,0.0,0.0,0.0,Cytosine/purine/uracil/thiamine/allantoin permease family protein,,,,,,,,
rxn05682_c0,group01544,0.0,0.0,0.0,Cytosine/purine/uracil/thiamine/allantoin permease family protein,,,,,,,,
rxn05682_c0,group02060,,,,,0.0,0.0,0.0,Cytosine/purine/uracil/thiamine/allantoin permease family protein,,,,
rxn05682_c0,group03287,0.0,0.0,0.0,Cytosine/purine/uracil/thiamine/allantoin permease family protein,,,,,,,,
rxn09657_c0,group00712,72.2093060366,6.17411287255,0.768245838668,Cytosine/purine/uracil/thiamine/allantoin permease family protein,0.0,0.0,0.0,Cytosine/purine/uracil/thiamine/allantoin permease family protein,,,,
rxn09657_c0,group01459,0.0,0.0,0.0,Cytosine/purine/uracil/thiamine/allantoin permease family protein,,,,,,,,
rxn09657_c0,group01544,0.0,0.0,0.0,Cytosine/purine/uracil/thiamine/allantoin permease family protein,,,,,,,,
rxn09657_c0,group02060,,,,,0.0,0.0,0.0,Cytosine/purine/uracil/thiamine/allantoin permease family protein,,,,
rxn09657_c0,group03287,0.0,0.0,0.0,Cytosine/purine/uracil/thiamine/allantoin permease family protein,,,,,,,,
rxn10147_c0,group01051,0.0,0.0,0.0,"Vitamin B12 ABC transporter, permease component BtuC",0.0,0.0,0.0,"Vitamin B12 ABC transporter, permease component BtuC",,,,
rxn10147_c0,group01061,0.0,0.0,0.0,"Vitamin B12 ABC transporter, B12-binding component BtuF",0.0,0.0,0.0,"Vitamin B12 ABC transporter, B12-binding component BtuF",,,,
rxn10174_c0,group00654,8800.39815206,13.103353081,81.562099872,"Glycerol-3-phosphate ABC transporter, ATP-binding protein UgpC (TC 3.A.1.1.3)",,,,,,,,
rxn10174_c0,group00795,502.918487202,8.9741807774,35.595390525,hypothetical protein,,,,,,,,
rxn10174_c0,group01205,,,,,69.0154558301,6.10884758073,3.86996904025,None Provided,,,,
rxn10174_c0,group01299,19461.7286832,14.2483522424,89.3725992318,"Maltose/maltodextrin ABC transporter, substrate binding periplasmic protein MalE",180475.14539,17.4614406407,97.0588235294,"Maltose/maltodextrin ABC transporter, substrate binding periplasmic protein MalE",,,,
rxn10174_c0,group01320,0.0,0.0,0.0,"Maltose/maltodextrin ABC transporter, permease protein MalG",1822.65424038,10.8318251911,54.7987616099,"Maltose/maltodextrin ABC transporter, permease protein MalG",146.013229412,7.18995527903,11.5976331361,"Maltose/maltodextrin ABC transporter, permease protein MalG"
rxn10174_c0,group01387,442.280601875,8.78881815778,33.9308578745,"Maltose/maltodextrin ABC transporter, permease protein MalF",878.423421726,9.77877271174,44.2724458204,"Maltose/maltodextrin ABC transporter, permease protein MalF",0.0,0.0,0.0,"Maltose/maltodextrin ABC transporter, permease protein MalF"
rxn10174_c0,group01543,,,,,0.0,0.0,0.0,hypothetical protein,,,,
rxn10174_c0,group01747,,,,,0.0,0.0,0.0,"Maltose/maltodextrin ABC transporter, substrate binding periplasmic protein MalE",,,,
rxn10174_c0,group02058,30927.2526222,14.9165910589,92.5736235595,"N-Acetyl-D-glucosamine ABC transport system, sugar-binding protein",,,,,,,,
rxn10174_c0,group02355,,,,,,,,,0.0,0.0,0.0,"Maltose/maltodextrin ABC transporter, substrate binding periplasmic protein MalE"
rxn10194_c0,group00681,0.0,0.0,0.0,None Provided,0.0,0.0,0.0,Teichoic acid export ATP-binding protein TagH (EC 3.6.3.40),,,,
rxn10195_c0,group00681,0.0,0.0,0.0,None Provided,0.0,0.0,0.0,Teichoic acid export ATP-binding protein TagH (EC 3.6.3.40),,,,
rxn10196_c0,group00681,0.0,0.0,0.0,None Provided,0.0,0.0,0.0,Teichoic acid export ATP-binding protein TagH (EC 3.6.3.40),,,,
rxn10343_c0,group00587,581.993390716,9.18485895934,38.7964148528,"Lead, cadmium, zinc and mercury transporting ATPase (EC 3.6.3.3) (EC 3.6.3.5); Copper-translocating P-type ATPase (EC 3.6.3.4)",0.0,0.0,0.0,"Lead, cadmium, zinc and mercury transporting ATPase (EC 3.6.3.3) (EC 3.6.3.5); Copper-translocating P-type ATPase (EC 3.6.3.4)",276.894777882,8.11319403512,32.7810650888,"Lead, cadmium, zinc and mercury transporting ATPase (EC 3.6.3.3) (EC 3.6.3.5); Copper-translocating P-type ATPase (EC 3.6.3.4)"
rxn10343_c0,group01728,,,,,,,,,0.0,0.0,0.0,"Lead, cadmium, zinc and mercury transporting ATPase (EC 3.6.3.3) (EC 3.6.3.5); Copper-translocating P-type ATPase (EC 3.6.3.4)"
rxn10343_c0,group02040,,,,,0.0,0.0,0.0,hypothetical protein,,,,
rxn10344_c0,group00587,581.993390716,9.18485895934,38.7964148528,"Lead, cadmium, zinc and mercury transporting ATPase (EC 3.6.3.3) (EC 3.6.3.5); Copper-translocating P-type ATPase (EC 3.6.3.4)",0.0,0.0,0.0,"Lead, cadmium, zinc and mercury transporting ATPase (EC 3.6.3.3) (EC 3.6.3.5); Copper-translocating P-type ATPase (EC 3.6.3.4)",276.894777882,8.11319403512,32.7810650888,"Lead, cadmium, zinc and mercury transporting ATPase (EC 3.6.3.3) (EC 3.6.3.5); Copper-translocating P-type ATPase (EC 3.6.3.4)"
rxn10344_c0,group01728,,,,,,,,,0.0,0.0,0.0,"Lead, cadmium, zinc and mercury transporting ATPase (EC 3.6.3.3) (EC 3.6.3.5); Copper-translocating P-type ATPase (EC 3.6.3.4)"
rxn10344_c0,group02040,,,,,0.0,0.0,0.0,hypothetical protein,,,,
rxn10474_c0,group01315,0.0,0.0,0.0,Magnesium and cobalt transport protein CorA,0.0,0.0,0.0,Magnesium and cobalt transport protein CorA,0.0,0.0,0.0,Magnesium and cobalt transport protein CorA
rxn10481_c0,group00587,581.993390716,9.18485895934,38.7964148528,"Lead, cadmium, zinc and mercury transporting ATPase (EC 3.6.3.3) (EC 3.6.3.5); Copper-translocating P-type ATPase (EC 3.6.3.4)",0.0,0.0,0.0,"Lead, cadmium, zinc and mercury transporting ATPase (EC 3.6.3.3) (EC 3.6.3.5); Copper-translocating P-type ATPase (EC 3.6.3.4)",276.894777882,8.11319403512,32.7810650888,"Lead, cadmium, zinc and mercury transporting ATPase (EC 3.6.3.3) (EC 3.6.3.5); Copper-translocating P-type ATPase (EC 3.6.3.4)"
rxn10481_c0,group01728,,,,,,,,,0.0,0.0,0.0,"Lead, cadmium, zinc and mercury transporting ATPase (EC 3.6.3.3) (EC 3.6.3.5); Copper-translocating P-type ATPase (EC 3.6.3.4)"
rxn10481_c0,group02040,,,,,0.0,0.0,0.0,hypothetical protein,,,,
rxn12848_c0,group00020,3457.72791742,11.7556086349,68.7580025608,Oligopeptide transport ATP-binding protein OppD (TC 3.A.1.5.1),717.172266944,9.48617589003,41.6408668731,Dipeptide transport ATP-binding protein DppD (TC 3.A.1.5.2),,,,
rxn12848_c0,group00021,583.242971869,9.18795320748,39.052496799,Oligopeptide transport system permease protein OppC (TC 3.A.1.5.1),258.064423334,8.01158745551,29.8761609907,Oligopeptide transport system permease protein OppC (TC 3.A.1.5.1),4800.66839478,12.2290195702,87.3372781065,Oligopeptide transport system permease protein OppC (TC 3.A.1.5.1)
rxn12848_c0,group00508,0.0,0.0,0.0,Oligopeptide transport ATP-binding protein OppF (TC 3.A.1.5.1),0.0,0.0,0.0,Oligopeptide transport ATP-binding protein OppF (TC 3.A.1.5.1),,,,
rxn12848_c0,group00900,610.160647743,9.2530453262,39.9487836108,D-alanyl-D-alanine carboxypeptidase (EC 3.4.16.4),,,,,,,,
rxn12848_c0,group01044,0.0,0.0,0.0,"Oligopeptide ABC transporter, periplasmic oligopeptide-binding protein OppA (TC 3.A.1.5.1)",11441.0835267,13.4819360684,78.3281733746,"Oligopeptide ABC transporter, periplasmic oligopeptide-binding protein OppA (TC 3.A.1.5.1)",,,,
rxn12848_c0,group01124,41439.4895295,15.3387186109,94.23815621,hypothetical protein,108716.146947,16.7302067054,95.2012383901,"Oligopeptide ABC transporter, periplasmic oligopeptide-binding protein OppA (TC 3.A.1.5.1)",172203.920339,17.3937584615,99.5266272189,"Oligopeptide ABC transporter, periplasmic oligopeptide-binding protein OppA (TC 3.A.1.5.1)"
rxn12848_c0,group01173,0.0,0.0,0.0,"Oligopeptide ABC transporter, periplasmic oligopeptide-binding protein OppA (TC 3.A.1.5.1)",71663.1131505,16.1289430972,92.1052631579,"Oligopeptide ABC transporter, periplasmic oligopeptide-binding protein OppA (TC 3.A.1.5.1)",,,,
rxn12848_c0,group01225,27514.1342024,14.7478853111,92.3175416133,"Oligopeptide ABC transporter, periplasmic oligopeptide-binding protein OppA (TC 3.A.1.5.1)",26365.8785383,14.6863844492,83.746130031,"Oligopeptide ABC transporter, periplasmic oligopeptide-binding protein OppA (TC 3.A.1.5.1)",,,,
rxn12848_c0,group01852,,,,,0.0,0.0,0.0,"Oligopeptide ABC transporter, periplasmic oligopeptide-binding protein OppA (TC 3.A.1.5.1)",,,,
rxn12848_c0,group02257,,,,,1897.94393514,10.8902216607,55.7275541796,Oligopeptide transport ATP-binding protein OppD (TC 3.A.1.5.1),,,,
rxn12848_c0,group03065,0.0,0.0,0.0,Oligopeptide transport ATP-binding protein OppF (TC 3.A.1.5.1),,,,,,,,
rxn12848_c0,group03116,,,,,0.0,0.0,0.0,Oligopeptide transport system permease protein OppC (TC 3.A.1.5.1),,,,
rxn12848_c0,group03155,0.0,0.0,0.0,Oligopeptide transport system permease protein OppC (TC 3.A.1.5.1),,,,,,,,
rxn12849_c0,group00020,3457.72791742,11.7556086349,68.7580025608,Oligopeptide transport ATP-binding protein OppD (TC 3.A.1.5.1),717.172266944,9.48617589003,41.6408668731,Dipeptide transport ATP-binding protein DppD (TC 3.A.1.5.2),,,,
rxn12849_c0,group00021,583.242971869,9.18795320748,39.052496799,Oligopeptide transport system permease protein OppC (TC 3.A.1.5.1),258.064423334,8.01158745551,29.8761609907,Oligopeptide transport system permease protein OppC (TC 3.A.1.5.1),4800.66839478,12.2290195702,87.3372781065,Oligopeptide transport system permease protein OppC (TC 3.A.1.5.1)
rxn12849_c0,group00508,0.0,0.0,0.0,Oligopeptide transport ATP-binding protein OppF (TC 3.A.1.5.1),0.0,0.0,0.0,Oligopeptide transport ATP-binding protein OppF (TC 3.A.1.5.1),,,,
rxn12849_c0,group00900,610.160647743,9.2530453262,39.9487836108,D-alanyl-D-alanine carboxypeptidase (EC 3.4.16.4),,,,,,,,
rxn12849_c0,group01044,0.0,0.0,0.0,"Oligopeptide ABC transporter, periplasmic oligopeptide-binding protein OppA (TC 3.A.1.5.1)",11441.0835267,13.4819360684,78.3281733746,"Oligopeptide ABC transporter, periplasmic oligopeptide-binding protein OppA (TC 3.A.1.5.1)",,,,
rxn12849_c0,group01124,41439.4895295,15.3387186109,94.23815621,hypothetical protein,108716.146947,16.7302067054,95.2012383901,"Oligopeptide ABC transporter, periplasmic oligopeptide-binding protein OppA (TC 3.A.1.5.1)",172203.920339,17.3937584615,99.5266272189,"Oligopeptide ABC transporter, periplasmic oligopeptide-binding protein OppA (TC 3.A.1.5.1)"
rxn12849_c0,group01173,0.0,0.0,0.0,"Oligopeptide ABC transporter, periplasmic oligopeptide-binding protein OppA (TC 3.A.1.5.1)",71663.1131505,16.1289430972,92.1052631579,"Oligopeptide ABC transporter, periplasmic oligopeptide-binding protein OppA (TC 3.A.1.5.1)",,,,
rxn12849_c0,group01225,27514.1342024,14.7478853111,92.3175416133,"Oligopeptide ABC transporter, periplasmic oligopeptide-binding protein OppA (TC 3.A.1.5.1)",26365.8785383,14.6863844492,83.746130031,"Oligopeptide ABC transporter, periplasmic oligopeptide-binding protein OppA (TC 3.A.1.5.1)",,,,
rxn12849_c0,group01852,,,,,0.0,0.0,0.0,"Oligopeptide ABC transporter, periplasmic oligopeptide-binding protein OppA (TC 3.A.1.5.1)",,,,
rxn12849_c0,group02257,,,,,1897.94393514,10.8902216607,55.7275541796,Oligopeptide transport ATP-binding protein OppD (TC 3.A.1.5.1),,,,
rxn12849_c0,group03065,0.0,0.0,0.0,Oligopeptide transport ATP-binding protein OppF (TC 3.A.1.5.1),,,,,,,,
rxn12849_c0,group03116,,,,,0.0,0.0,0.0,Oligopeptide transport system permease protein OppC (TC 3.A.1.5.1),,,,
rxn12849_c0,group03155,0.0,0.0,0.0,Oligopeptide transport system permease protein OppC (TC 3.A.1.5.1),,,,,,,,
rxn12850_c0,group00020,3457.72791742,11.7556086349,68.7580025608,Oligopeptide transport ATP-binding protein OppD (TC 3.A.1.5.1),717.172266944,9.48617589003,41.6408668731,Dipeptide transport ATP-binding protein DppD (TC 3.A.1.5.2),,,,
rxn12850_c0,group00021,583.242971869,9.18795320748,39.052496799,Oligopeptide transport system permease protein OppC (TC 3.A.1.5.1),258.064423334,8.01158745551,29.8761609907,Oligopeptide transport system permease protein OppC (TC 3.A.1.5.1),4800.66839478,12.2290195702,87.3372781065,Oligopeptide transport system permease protein OppC (TC 3.A.1.5.1)
rxn12850_c0,group00508,0.0,0.0,0.0,Oligopeptide transport ATP-binding protein OppF (TC 3.A.1.5.1),0.0,0.0,0.0,Oligopeptide transport ATP-binding protein OppF (TC 3.A.1.5.1),,,,
rxn12850_c0,group00900,610.160647743,9.2530453262,39.9487836108,D-alanyl-D-alanine carboxypeptidase (EC 3.4.16.4),,,,,,,,
rxn12850_c0,group01044,0.0,0.0,0.0,"Oligopeptide ABC transporter, periplasmic oligopeptide-binding protein OppA (TC 3.A.1.5.1)",11441.0835267,13.4819360684,78.3281733746,"Oligopeptide ABC transporter, periplasmic oligopeptide-binding protein OppA (TC 3.A.1.5.1)",,,,
rxn12850_c0,group01124,41439.4895295,15.3387186109,94.23815621,hypothetical protein,108716.146947,16.7302067054,95.2012383901,"Oligopeptide ABC transporter, periplasmic oligopeptide-binding protein OppA (TC 3.A.1.5.1)",172203.920339,17.3937584615,99.5266272189,"Oligopeptide ABC transporter, periplasmic oligopeptide-binding protein OppA (TC 3.A.1.5.1)"
rxn12850_c0,group01173,0.0,0.0,0.0,"Oligopeptide ABC transporter, periplasmic oligopeptide-binding protein OppA (TC 3.A.1.5.1)",71663.1131505,16.1289430972,92.1052631579,"Oligopeptide ABC transporter, periplasmic oligopeptide-binding protein OppA (TC 3.A.1.5.1)",,,,
rxn12850_c0,group01225,27514.1342024,14.7478853111,92.3175416133,"Oligopeptide ABC transporter, periplasmic oligopeptide-binding protein OppA (TC 3.A.1.5.1)",26365.8785383,14.6863844492,83.746130031,"Oligopeptide ABC transporter, periplasmic oligopeptide-binding protein OppA (TC 3.A.1.5.1)",,,,
rxn12850_c0,group01852,,,,,0.0,0.0,0.0,"Oligopeptide ABC transporter, periplasmic oligopeptide-binding protein OppA (TC 3.A.1.5.1)",,,,
rxn12850_c0,group02257,,,,,1897.94393514,10.8902216607,55.7275541796,Oligopeptide transport ATP-binding protein OppD (TC 3.A.1.5.1),,,,
rxn12850_c0,group03065,0.0,0.0,0.0,Oligopeptide transport ATP-binding protein OppF (TC 3.A.1.5.1),,,,,,,,
rxn12850_c0,group03116,,,,,0.0,0.0,0.0,Oligopeptide transport system permease protein OppC (TC 3.A.1.5.1),,,,
rxn12850_c0,group03155,0.0,0.0,0.0,Oligopeptide transport system permease protein OppC (TC 3.A.1.5.1),,,,,,,,
rxn12851_c0,group00020,3457.72791742,11.7556086349,68.7580025608,Oligopeptide transport ATP-binding protein OppD (TC 3.A.1.5.1),717.172266944,9.48617589003,41.6408668731,Dipeptide transport ATP-binding protein DppD (TC 3.A.1.5.2),,,,
rxn12851_c0,group00021,583.242971869,9.18795320748,39.052496799,Oligopeptide transport system permease protein OppC (TC 3.A.1.5.1),258.064423334,8.01158745551,29.8761609907,Oligopeptide transport system permease protein OppC (TC 3.A.1.5.1),4800.66839478,12.2290195702,87.3372781065,Oligopeptide transport system permease protein OppC (TC 3.A.1.5.1)
rxn12851_c0,group00508,0.0,0.0,0.0,Oligopeptide transport ATP-binding protein OppF (TC 3.A.1.5.1),0.0,0.0,0.0,Oligopeptide transport ATP-binding protein OppF (TC 3.A.1.5.1),,,,
rxn12851_c0,group00900,610.160647743,9.2530453262,39.9487836108,D-alanyl-D-alanine carboxypeptidase (EC 3.4.16.4),,,,,,,,
rxn12851_c0,group01044,0.0,0.0,0.0,"Oligopeptide ABC transporter, periplasmic oligopeptide-binding protein OppA (TC 3.A.1.5.1)",11441.0835267,13.4819360684,78.3281733746,"Oligopeptide ABC transporter, periplasmic oligopeptide-binding protein OppA (TC 3.A.1.5.1)",,,,
rxn12851_c0,group01124,41439.4895295,15.3387186109,94.23815621,hypothetical protein,108716.146947,16.7302067054,95.2012383901,"Oligopeptide ABC transporter, periplasmic oligopeptide-binding protein OppA (TC 3.A.1.5.1)",172203.920339,17.3937584615,99.5266272189,"Oligopeptide ABC transporter, periplasmic oligopeptide-binding protein OppA (TC 3.A.1.5.1)"
rxn12851_c0,group01173,0.0,0.0,0.0,"Oligopeptide ABC transporter, periplasmic oligopeptide-binding protein OppA (TC 3.A.1.5.1)",71663.1131505,16.1289430972,92.1052631579,"Oligopeptide ABC transporter, periplasmic oligopeptide-binding protein OppA (TC 3.A.1.5.1)",,,,
rxn12851_c0,group01225,27514.1342024,14.7478853111,92.3175416133,"Oligopeptide ABC transporter, periplasmic oligopeptide-binding protein OppA (TC 3.A.1.5.1)",26365.8785383,14.6863844492,83.746130031,"Oligopeptide ABC transporter, periplasmic oligopeptide-binding protein OppA (TC 3.A.1.5.1)",,,,
rxn12851_c0,group01852,,,,,0.0,0.0,0.0,"Oligopeptide ABC transporter, periplasmic oligopeptide-binding protein OppA (TC 3.A.1.5.1)",,,,
rxn12851_c0,group02257,,,,,1897.94393514,10.8902216607,55.7275541796,Oligopeptide transport ATP-binding protein OppD (TC 3.A.1.5.1),,,,
rxn12851_c0,group03065,0.0,0.0,0.0,Oligopeptide transport ATP-binding protein OppF (TC 3.A.1.5.1),,,,,,,,
rxn12851_c0,group03116,,,,,0.0,0.0,0.0,Oligopeptide transport system permease protein OppC (TC 3.A.1.5.1),,,,
rxn12851_c0,group03155,0.0,0.0,0.0,Oligopeptide transport system permease protein OppC (TC 3.A.1.5.1),,,,,,,,
